UPDATE exp SET res_name='PSA_ZH-S_Agg_1', name='评价攻击性', instructions='您将看到120张面孔图片。请您对每一张面孔图片显示的该人物的攻击性程度作出判断，并点击最能代表您判断的选项。', question = '请判断这个人的攻击性程度（即倾向于以有敌意的方式行事）。' WHERE id=645;
UPDATE exp SET res_name='PSA_ZH-S_Att_1', name='评价吸引力', instructions='您将看到120张面孔图片。请您对每一张面孔图片显示的该人物的吸引力程度作出判断，并点击最能代表您判断的选项。', question = '请判断这个人的吸引力程度（即通过外貌、体态、品格等具有感官上的吸引）。' WHERE id=646;
UPDATE exp SET res_name='PSA_ZH-S_Car_1', name='评价关心他人', instructions='您将看到120张面孔图片。请您对每一张面孔图片显示的该人物的关心他人的程度作出判断，并点击最能代表您判断的选项。', question = '请判断这个人关心他人的程度如何（即感受到或表现出对他人同情的程度）。' WHERE id=647;
UPDATE exp SET res_name='PSA_ZH-S_Con_1', name='评价自信', instructions='您将看到120张面孔图片。请您对每一张面孔图片显示的该人物的自信程度作出判断，并点击最能代表您判断的选项', question = '请判断这个人的自信程度（即相信自己、毫不怀疑自己的能力）。' WHERE id=648;
UPDATE exp SET res_name='PSA_ZH-S_Dom_1', name='评价支配性', instructions='您将看到120张面孔图片。请您对每一张面孔图片显示的该人物的支配性程度作出判断，并点击最能代表您判断的选项。', question = '请判断这个人的支配性（即强大、重要）程度。' WHERE id=649;
UPDATE exp SET res_name='PSA_ZH-S_Emo_1', name='评价情绪稳定性', instructions='您将看到120张面孔图片。请您对每一张面孔图片显示的该人物的情绪稳定性作出判断，并点击最能代表您判断的选项。', question = '请判断这个人的情绪稳定性（即不受情绪波动的影响、理智、有良好的精神状态）。' WHERE id=650;
UPDATE exp SET res_name='PSA_ZH-S_Unh_1', name='评价不开心', instructions='您将看到120张面孔图片。请您对每一张面孔图片显示的该人物的不开心程度作出判断，并点击最能代表您判断的选项。', question = '请判断这个人的不开心程度（即不愉快、悲伤或抑郁）。' WHERE id=651;
UPDATE exp SET res_name='PSA_ZH-S_Int_1', name='评价聪慧', instructions='您将看到120张面孔图片。请您对每一张面孔图片显示的该人物的聪慧程度作出判断，并点击最能代表您判断的选项。', question = '请判断这个人聪慧程度（即有很好的理解能力或强大的心理能力）。' WHERE id=652;
UPDATE exp SET res_name='PSA_ZH-S_Mea_1', name='评价刻薄', instructions='您将看到120张面孔图片。请您对每一张面孔图片显示的该人物的刻薄程度作出判断，并点击最能代表您判断的选项', question = '请判断这个人刻薄程度（即无礼、自私、冷漠、可恶或者充满恶意）。' WHERE id=653;
UPDATE exp SET res_name='PSA_ZH-S_Res_1', name='评价责任心', instructions='您将看到120张面孔图片。请您对每一张面孔图片显示的该人物的责任心程度作出判断，并点击最能代表您判断的选项。', question = '请判断这个人的责任心程度（即能够在没有监督的情况下采取理性的决策，并对自己的行为负责）。' WHERE id=654;
UPDATE exp SET res_name='PSA_ZH-S_Soc_1', name='评价友善', instructions='您将看到120张面孔图片。请您对每一张面孔图片显示的该人物的友善程度作出判断，并点击最能代表您判断的选项。', question = '请判断这个人的友善程度（即友好，或支持同事，体贴他人）。' WHERE id=655;
UPDATE exp SET res_name='PSA_ZH-S_Tru_1', name='评价可信度', instructions='您将看到120张面孔图片。请您对每一张面孔图片显示的该人物的可信程度作出判断，并点击最能代表您判断的选项。', question = '请判断这个人的可信程度（即值得信任，可依赖，可靠）。' WHERE id=656;
UPDATE exp SET res_name='PSA_ZH-S_Wei_1', name='评价古怪', instructions='您将看到120张面孔图片。请您对每一张面孔图片显示的该人物的古怪程度作出判断，并点击最能代表您判断的选项。', question = '请判断这个人的古怪程度（即奇怪或怪异）。' WHERE id=657;
UPDATE exp SET res_name='PSA_ZH-S_Old_1', name='评价年龄', instructions='您将看到120张面孔图片。请您对每一张面孔图片显示的该人物的老的程度作出判断，并点击最能代表您判断的选项。', question = '请判断这个人的老的程度（即年龄更大，不年轻）。' WHERE id=658;
UPDATE exp SET res_name='PSA_ZH-S_Agg_2', name='评价攻击性', instructions='您将看到120张面孔图片。请您对每一张面孔图片显示的该人物的攻击性程度作出判断，并点击最能代表您判断的选项。', question = '请判断这个人的攻击性程度（即倾向于以有敌意的方式行事）。' WHERE id=659;
UPDATE exp SET res_name='PSA_ZH-S_Att_2', name='评价吸引力', instructions='您将看到120张面孔图片。请您对每一张面孔图片显示的该人物的吸引力程度作出判断，并点击最能代表您判断的选项。', question = '请判断这个人的吸引力程度（即通过外貌、体态、品格等具有感官上的吸引）。' WHERE id=660;
UPDATE exp SET res_name='PSA_ZH-S_Car_2', name='评价关心他人', instructions='您将看到120张面孔图片。请您对每一张面孔图片显示的该人物的关心他人的程度作出判断，并点击最能代表您判断的选项。', question = '请判断这个人关心他人的程度如何（即感受到或表现出对他人同情的程度）。' WHERE id=661;
UPDATE exp SET res_name='PSA_ZH-S_Con_2', name='评价自信', instructions='您将看到120张面孔图片。请您对每一张面孔图片显示的该人物的自信程度作出判断，并点击最能代表您判断的选项', question = '请判断这个人的自信程度（即相信自己、毫不怀疑自己的能力）。' WHERE id=662;
UPDATE exp SET res_name='PSA_ZH-S_Dom_2', name='评价支配性', instructions='您将看到120张面孔图片。请您对每一张面孔图片显示的该人物的支配性程度作出判断，并点击最能代表您判断的选项。', question = '请判断这个人的支配性（即强大、重要）程度。' WHERE id=663;
UPDATE exp SET res_name='PSA_ZH-S_Emo_2', name='评价情绪稳定性', instructions='您将看到120张面孔图片。请您对每一张面孔图片显示的该人物的情绪稳定性作出判断，并点击最能代表您判断的选项。', question = '请判断这个人的情绪稳定性（即不受情绪波动的影响、理智、有良好的精神状态）。' WHERE id=664;
UPDATE exp SET res_name='PSA_ZH-S_Unh_2', name='评价不开心', instructions='您将看到120张面孔图片。请您对每一张面孔图片显示的该人物的不开心程度作出判断，并点击最能代表您判断的选项。', question = '请判断这个人的不开心程度（即不愉快、悲伤或抑郁）。' WHERE id=665;
UPDATE exp SET res_name='PSA_ZH-S_Int_2', name='评价聪慧', instructions='您将看到120张面孔图片。请您对每一张面孔图片显示的该人物的聪慧程度作出判断，并点击最能代表您判断的选项。', question = '请判断这个人聪慧程度（即有很好的理解能力或强大的心理能力）。' WHERE id=666;
UPDATE exp SET res_name='PSA_ZH-S_Mea_2', name='评价刻薄', instructions='您将看到120张面孔图片。请您对每一张面孔图片显示的该人物的刻薄程度作出判断，并点击最能代表您判断的选项', question = '请判断这个人刻薄程度（即无礼、自私、冷漠、可恶或者充满恶意）。' WHERE id=667;
UPDATE exp SET res_name='PSA_ZH-S_Res_2', name='评价责任心', instructions='您将看到120张面孔图片。请您对每一张面孔图片显示的该人物的责任心程度作出判断，并点击最能代表您判断的选项。', question = '请判断这个人的责任心程度（即能够在没有监督的情况下采取理性的决策，并对自己的行为负责）。' WHERE id=668;
UPDATE exp SET res_name='PSA_ZH-S_Soc_2', name='评价友善', instructions='您将看到120张面孔图片。请您对每一张面孔图片显示的该人物的友善程度作出判断，并点击最能代表您判断的选项。', question = '请判断这个人的友善程度（即友好，或支持同事，体贴他人）。' WHERE id=669;
UPDATE exp SET res_name='PSA_ZH-S_Tru_2', name='评价可信度', instructions='您将看到120张面孔图片。请您对每一张面孔图片显示的该人物的可信程度作出判断，并点击最能代表您判断的选项。', question = '请判断这个人的可信程度（即值得信任，可依赖，可靠）。' WHERE id=670;
UPDATE exp SET res_name='PSA_ZH-S_Wei_2', name='评价古怪', instructions='您将看到120张面孔图片。请您对每一张面孔图片显示的该人物的古怪程度作出判断，并点击最能代表您判断的选项。', question = '请判断这个人的古怪程度（即奇怪或怪异）。' WHERE id=671;
UPDATE exp SET res_name='PSA_ZH-S_Old_2', name='评价年龄', instructions='您将看到120张面孔图片。请您对每一张面孔图片显示的该人物的老的程度作出判断，并点击最能代表您判断的选项。', question = '请判断这个人的老的程度（即年龄更大，不年轻）。' WHERE id=672;

REPLACE INTO set_items (set_id, item_type, item_id, item_n) VALUES 
(369, 'exp', 645, 1),
(370, 'exp', 646, 1),
(371, 'exp', 647, 1),
(372, 'exp', 648, 1),
(373, 'exp', 649, 1),
(374, 'exp', 650, 1),
(375, 'exp', 651, 1),
(376, 'exp', 652, 1),
(377, 'exp', 653, 1),
(378, 'exp', 654, 1),
(379, 'exp', 655, 1),
(380, 'exp', 656, 1),
(381, 'exp', 657, 1),
(382, 'exp', 658, 1),
(369, 'exp', 659, 2),
(370, 'exp', 660, 2),
(371, 'exp', 661, 2),
(372, 'exp', 662, 2),
(373, 'exp', 663, 2),
(374, 'exp', 664, 2),
(375, 'exp', 665, 2),
(376, 'exp', 666, 2),
(377, 'exp', 667, 2),
(378, 'exp', 668, 2),
(379, 'exp', 669, 2),
(380, 'exp', 670, 2),
(381, 'exp', 671, 2),
(382, 'exp', 672, 2),
(383, 'set', 369, 1),
(383, 'set', 370, 2),
(383, 'set', 371, 3),
(383, 'set', 372, 4),
(383, 'set', 373, 5),
(383, 'set', 374, 6),
(383, 'set', 375, 7),
(383, 'set', 376, 8),
(383, 'set', 377, 9),
(383, 'set', 378, 10),
(383, 'set', 379, 11),
(383, 'set', 380, 12),
(383, 'set', 381, 13),
(383, 'set', 382, 14),
(384, 'set', 383, 1);

REPLACE INTO access (type, id, user_id) VALUES
('exp', 645, 1),
('exp', 646, 1),
('exp', 647, 1),
('exp', 648, 1),
('exp', 649, 1),
('exp', 650, 1),
('exp', 651, 1),
('exp', 652, 1),
('exp', 653, 1),
('exp', 654, 1),
('exp', 655, 1),
('exp', 656, 1),
('exp', 657, 1),
('exp', 658, 1),
('exp', 659, 1),
('exp', 660, 1),
('exp', 661, 1),
('exp', 662, 1),
('exp', 663, 1),
('exp', 664, 1),
('exp', 665, 1),
('exp', 666, 1),
('exp', 667, 1),
('exp', 668, 1),
('exp', 669, 1),
('exp', 670, 1),
('exp', 671, 1),
('exp', 672, 1),
('sets', 369, 1),
('sets', 370, 1),
('sets', 371, 1),
('sets', 372, 1),
('sets', 373, 1),
('sets', 374, 1),
('sets', 375, 1),
('sets', 376, 1),
('sets', 377, 1),
('sets', 378, 1),
('sets', 379, 1),
('sets', 380, 1),
('sets', 381, 1),
('sets', 382, 1),
('sets', 383, 1),
('sets', 384, 1);

REPLACE INTO sets (res_name, name, id, create_date, type) VALUES 
('PSA1_ZH-S_Agg', '评价攻击性' ,369, NOW(), 'fixed'),
('PSA1_ZH-S_Att', '评价吸引力' ,370, NOW(), 'fixed'),
('PSA1_ZH-S_Car', '评价关心他人' ,371, NOW(), 'fixed'),
('PSA1_ZH-S_Con', '评价自信' ,372, NOW(), 'fixed'),
('PSA1_ZH-S_Dom', '评价支配性' ,373, NOW(), 'fixed'),
('PSA1_ZH-S_Emo', '评价情绪稳定性' ,374, NOW(), 'fixed'),
('PSA1_ZH-S_Unh', '评价不开心' ,375, NOW(), 'fixed'),
('PSA1_ZH-S_Int', '评价聪慧' ,376, NOW(), 'fixed'),
('PSA1_ZH-S_Mea', '评价刻薄' ,377, NOW(), 'fixed'),
('PSA1_ZH-S_Res', '评价责任心' ,378, NOW(), 'fixed'),
('PSA1_ZH-S_Soc', '评价友善' ,379, NOW(), 'fixed'),
('PSA1_ZH-S_Tru', '评价可信度' ,380, NOW(), 'fixed'),
('PSA1_ZH-S_Wei', '评价古怪' ,381, NOW(), 'fixed'),
('PSA1_ZH-S_Old', '评价年龄' ,382, NOW(), 'fixed'),
('PSA_ZH-S_Ratings', 'Ratings' ,383, NOW(), 'one_random'),
('PSA1_ZH-S', '我想开始' ,384, NOW(), 'fixed');

REPLACE INTO project (id, res_name, name, url, blurb, create_date) VALUES
(174, 'PSA1_ZH-S_test', '面孔研究 (ZH-S_test)','psa1_ZH-S_test', 'PSA1 Study: ZH-S_test', NOW() ),
(175, 'PSA1_ZH-S_CHN_001', '面孔研究 (CHN_001)','psa1_CHN_001', 'PSA1 Study: CHN_001', NOW() ),
(176, 'PSA1_ZH-S_CHN_004', '面孔研究 (CHN_004)','psa1_CHN_004', 'PSA1 Study: CHN_004', NOW() ),
(177, 'PSA1_ZH-S_CHN_006', '面孔研究 (CHN_006)','psa1_CHN_006', 'PSA1 Study: CHN_006', NOW() ),
(178, 'PSA1_ZH-S_CHN_007', '面孔研究 (CHN_007)','psa1_CHN_007', 'PSA1 Study: CHN_007', NOW() ),
(179, 'PSA1_ZH-S_GER_011', '面孔研究 (GER_011)','psa1_GER_011', 'PSA1 Study: GER_011', NOW() );

REPLACE INTO project_items VALUES 
(174, 'set', 384, 1, NULL),
(175, 'set', 384, 1, NULL),
(176, 'set', 384, 1, NULL),
(177, 'set', 384, 1, NULL),
(178, 'set', 384, 1, NULL),
(179, 'set', 384, 1, NULL);

REPLACE INTO access (type, id, user_id) VALUES
('project', 174, 1),
('project', 175, 1),
('project', 176, 1),
('project', 177, 1),
('project', 178, 1),
('project', 179, 1);

UPDATE project SET intro='在本研究中，首先需要你完成一份简短的问卷，收集关于您的信息，例如，年龄。然后，需要你对120 张面孔在某个给定的特质上进行评分。完成这些后，你需要对这些面孔在同样的特质上进行再次评分。请点击如下的按键表示同意参加本次研究并开始实验。' WHERE id >=174 AND id <=179;
UPDATE sets SET feedback_general = '本实验现在已经完成，请告知实验员。' WHERE id = 384;

