UPDATE exp SET res_name='PSA_HI_Agg_1', name='आक्रामकता', instructions='आप102चहेरेदेखेगं।ेअपनेश्रेष्ठनिर्णयकेअनुसारचहेरेके।̊परकेबटनकोदबातेहुएकृपयायह बताएँ कि आपके विचार से प्रत्येक व्यक्ति कितने आक्रामक हैं।', question = 'यह व्यक्ति कितना आक्रामक (अर्थात विपरीत प्रतिक्रिया/व्यवहार करने के लिए तत्पर) है ?' WHERE id=673;
UPDATE exp SET res_name='PSA_HI_Att_1', name='आकर्षणशीलता', instructions='आप102चहेरेदेखेगं।ेअपनेश्रेष्ठनिर्णयकेअनुसारचहेरेके।̊परकेबटनकोदबातेहुएकृपयायह बताएँ कि आपके विचार से प्रत्येक व्यक्ति कितने आकर्षक हैं।', question = 'यह व्यक्ति कितना आकषर्क (अर्थात सौंदर्य, रूप, चरित्र आदि के अनुसार इन्द्रिय को आकर्षित करने वाला) है ?' WHERE id=674;
UPDATE exp SET res_name='PSA_HI_Car_1', name='परवाह करना', instructions='आप102चहेरेदेखेगं।ेअपनेश्रेष्ठनिर्णयकेअनुसारचहेरेके।̊परकेबटनकोदबातेहुएकृपयायह बताएँ कि आपके विचार से प्रत्येक व्यक्ति कितने परवाह करने वाले हैं।', question = 'यह व्यक्ति कितना कितना परवाह करने वाला (अर्थात महसूस करने वाला या सहानुभूति दिखाने वाला) है ?' WHERE id=675;
UPDATE exp SET res_name='PSA_HI_Con_1', name='आत्मविश्वासी', instructions='आप102चहेरेदेखेगं।ेअपनेश्रेष्ठनिर्णयकेअनुसारचहेरेके।̊परकेबटनकोदबातेहुएकृपयायह बताएँ कि आपके विचार से प्रत्येक व्यक्ति कितने आत्मविश्वासी हैं।', question = 'यह व्यक्ति कितना आत्मविश्वासी (अर्थात स्वयं पर विश्वास है; अपने स्वयं की याग्े यताआंे पर र्काइे  अनिश्चितता नहीं ं) है ?' WHERE id=676;
UPDATE exp SET res_name='PSA_HI_Dom_1', name='प्रभुत्व', instructions='आप102चहेरेदेखेगं।ेअपनेश्रेष्ठनिर्णयकेअनुसारचहेरेके।̊परकेबटनकोदबातेहुएकृपयायह बताएँ कि आपके विचार से प्रत्येक व्यक्ति कितने प्रभावशाली हैं।', question = 'यह व्यक्ति कितना प्रभावशाली (अर्थात शक्तिशाली, प्रभावी) है ?' WHERE id=677;
UPDATE exp SET res_name='PSA_HI_Emo_1', name='भावनात्मक स्थिरता', instructions='आप102चहेरेदेखेगं।ेअपनेश्रेष्ठनिर्णयकेअनुसारचहेरेके।̊परकेबटनकोदबातेहुएकृपयायह बताएँ कि आपके विचार से प्रत्येक व्यक्ति भावनात्मक रूप से कितने स्थिर हैं।', question = 'यह व्यक्ति भावनात्मक रूप से कितना स्थिर (अर्थात भावनात्मक अस्थिरता या अस्वस्थता के अधीन नहीं; स्वस्थचित्त या मानसिक रूप से स्वस्थ) है ?' WHERE id=678;
UPDATE exp SET res_name='PSA_HI_Unh_1', name='अप्रसन्नता', instructions='आप102चहेरेदेखेगं।ेअपनेश्रेष्ठनिर्णयकेअनुसारचहेरेके।̊परकेबटनकोदबातेहुएकृपयायह बताएँ कि आपके विचार से प्रत्येक व्यक्ति कितने अप्रसन्न हैं।', question = 'यह व्यक्ति कितना अप्रसन्न (अर्थात हर्षित नहीं; उदास या तनावग्रस्त) है ?' WHERE id=679;
UPDATE exp SET res_name='PSA_HI_Int_1', name='बुद्धिमता', instructions='आप102चहेरेदेखेगं।ेअपनेश्रेष्ठनिर्णयकेअनुसारचहेरेके।̊परकेबटनकोदबातेहुएकृपयायह बताएँ कि आपके विचार से प्रत्येक व्यक्ति कितने बुद्धिमान हैं।', question = 'यह व्यक्ति कितना बुद्धिमान (अर्थात उसे अच्छी समझ अथवा उसके पास उच्च मानसिक क्षमता) है ?' WHERE id=680;
UPDATE exp SET res_name='PSA_HI_Mea_1', name='संकीर्णता', instructions='आप102चहेरेदेखेगं।ेअपनेश्रेष्ठनिर्णयकेअनुसारचहेरेके।̊परकेबटनकोदबातेहुएकृपयायह बताएँ कि आपके विचार से प्रत्येक व्यक्ति कितने सकं ीर्ण हैं।', question = 'यह व्यक्ति कितना संकीर्ण विचारधारा वाला (अर्थात आक्रामक, स्वार्थी या गरै -मिलनसार; दुष्ट/बेशर्म; दूर्भावनापूर्ण प्रवृत्ति का) है ?' WHERE id=681;
UPDATE exp SET res_name='PSA_HI_Res_1', name='उत्तरदायित्व', instructions='आप102चहेरेदेखेगं।ेअपनेश्रेष्ठनिर्णयकेअनुसारचहेरेके।̊परकेबटनकोदबातेहुएकृपयायह बताएँ कि आपके विचार से प्रत्येक व्यक्ति कितने उत्तरदायी हैं।', question = 'यह व्यक्ति कितना उत्तरदायी/जिम्मदे ार (अर्थात पर्यवेक्षण के बिना तर्कसंगत निर्णय लेने में सक्षम है; अपने स्वयं के कार्यांे के प्रति उत्तरदायी) है ?' WHERE id=682;
UPDATE exp SET res_name='PSA_HI_Soc_1', name='सामाजिक', instructions='आप102चहेरेदेखेगं।ेअपनेश्रेष्ठनिर्णयकेअनुसारचहेरेके।̊परकेबटनकोदबातेहुएकृपयायह बताएँ कि आपके विचार से प्रत्येक व्यक्ति कितने सामाजिक हंै।', question = 'यह व्यक्ति कितना सामाजिक विचारधारा वाला (अर्थात मित्रतापूर्ण या समूह/संगत के अनुकूल; मिलनसार) है ?' WHERE id=683;
UPDATE exp SET res_name='PSA_HI_Tru_1', name='विश्वसनीयता', instructions='आप102चहेरेदेखेगं।ेअपनेश्रेष्ठनिर्णयकेअनुसारचहेरेके।̊परकेबटनकोदबातेहुएकृपयायह बताएँ कि आपके विचार से प्रत्येक व्यक्ति कितने विश्वसनीय हैं।', question = 'यह व्यक्ति कितना विश्वसनीय (अर्थात विश्वास करने याग्े य, निर्भर करने याग्े य; भरोसा करने याग्े य) है ?' WHERE id=684;
UPDATE exp SET res_name='PSA_HI_Wei_1', name='विचित्रता', instructions='आप102चहेरेदेखेगं।ेअपनेश्रेष्ठनिर्णयकेअनुसारचहेरेके।̊परकेबटनकोदबातेहुएकृपयायह बताएँ कि आपके विचार से प्रत्येक व्यक्ति कितने विचित्र हैं।', question = 'यह व्यक्ति कितना विचित्र (अर्थात अजीब या विचित्र) है ?' WHERE id=685;
UPDATE exp SET res_name='PSA_HI_Old_1', name='प्रौढ़/वृद्ध/बुढ़ा', instructions='आप102चहेरेदेखेगं।ेअपनेश्रेष्ठनिर्णयकेअनुसारचहेरेके।̊परकेबटनकोदबातेहुएकृपयायह बताएँ कि आपके विचार से प्रत्येक व्यक्ति कितने प्रौढ़ हैं।', question = 'यह व्यक्ति कितना प्रौढ़ (अर्थात वृद्ध हंै युवा नहीं ) है ?' WHERE id=686;
UPDATE exp SET res_name='PSA_HI_Agg_2', name='आक्रामकता', instructions='आप102चहेरेदेखेगं।ेअपनेश्रेष्ठनिर्णयकेअनुसारचहेरेके।̊परकेबटनकोदबातेहुएकृपयायह बताएँ कि आपके विचार से प्रत्येक व्यक्ति कितने आक्रामक हैं।', question = 'यह व्यक्ति कितना आक्रामक (अर्थात विपरीत प्रतिक्रिया/व्यवहार करने के लिए तत्पर) है ?' WHERE id=687;
UPDATE exp SET res_name='PSA_HI_Att_2', name='आकर्षणशीलता', instructions='आप102चहेरेदेखेगं।ेअपनेश्रेष्ठनिर्णयकेअनुसारचहेरेके।̊परकेबटनकोदबातेहुएकृपयायह बताएँ कि आपके विचार से प्रत्येक व्यक्ति कितने आकर्षक हैं।', question = 'यह व्यक्ति कितना आकषर्क (अर्थात सौंदर्य, रूप, चरित्र आदि के अनुसार इन्द्रिय को आकर्षित करने वाला) है ?' WHERE id=688;
UPDATE exp SET res_name='PSA_HI_Car_2', name='परवाह करना', instructions='आप102चहेरेदेखेगं।ेअपनेश्रेष्ठनिर्णयकेअनुसारचहेरेके।̊परकेबटनकोदबातेहुएकृपयायह बताएँ कि आपके विचार से प्रत्येक व्यक्ति कितने परवाह करने वाले हैं।', question = 'यह व्यक्ति कितना कितना परवाह करने वाला (अर्थात महसूस करने वाला या सहानुभूति दिखाने वाला) है ?' WHERE id=689;
UPDATE exp SET res_name='PSA_HI_Con_2', name='आत्मविश्वासी', instructions='आप102चहेरेदेखेगं।ेअपनेश्रेष्ठनिर्णयकेअनुसारचहेरेके।̊परकेबटनकोदबातेहुएकृपयायह बताएँ कि आपके विचार से प्रत्येक व्यक्ति कितने आत्मविश्वासी हैं।', question = 'यह व्यक्ति कितना आत्मविश्वासी (अर्थात स्वयं पर विश्वास है; अपने स्वयं की याग्े यताआंे पर र्काइे  अनिश्चितता नहीं ं) है ?' WHERE id=690;
UPDATE exp SET res_name='PSA_HI_Dom_2', name='प्रभुत्व', instructions='आप102चहेरेदेखेगं।ेअपनेश्रेष्ठनिर्णयकेअनुसारचहेरेके।̊परकेबटनकोदबातेहुएकृपयायह बताएँ कि आपके विचार से प्रत्येक व्यक्ति कितने प्रभावशाली हैं।', question = 'यह व्यक्ति कितना प्रभावशाली (अर्थात शक्तिशाली, प्रभावी) है ?' WHERE id=691;
UPDATE exp SET res_name='PSA_HI_Emo_2', name='भावनात्मक स्थिरता', instructions='आप102चहेरेदेखेगं।ेअपनेश्रेष्ठनिर्णयकेअनुसारचहेरेके।̊परकेबटनकोदबातेहुएकृपयायह बताएँ कि आपके विचार से प्रत्येक व्यक्ति भावनात्मक रूप से कितने स्थिर हैं।', question = 'यह व्यक्ति भावनात्मक रूप से कितना स्थिर (अर्थात भावनात्मक अस्थिरता या अस्वस्थता के अधीन नहीं; स्वस्थचित्त या मानसिक रूप से स्वस्थ) है ?' WHERE id=692;
UPDATE exp SET res_name='PSA_HI_Unh_2', name='अप्रसन्नता', instructions='आप102चहेरेदेखेगं।ेअपनेश्रेष्ठनिर्णयकेअनुसारचहेरेके।̊परकेबटनकोदबातेहुएकृपयायह बताएँ कि आपके विचार से प्रत्येक व्यक्ति कितने अप्रसन्न हैं।', question = 'यह व्यक्ति कितना अप्रसन्न (अर्थात हर्षित नहीं; उदास या तनावग्रस्त) है ?' WHERE id=693;
UPDATE exp SET res_name='PSA_HI_Int_2', name='बुद्धिमता', instructions='आप102चहेरेदेखेगं।ेअपनेश्रेष्ठनिर्णयकेअनुसारचहेरेके।̊परकेबटनकोदबातेहुएकृपयायह बताएँ कि आपके विचार से प्रत्येक व्यक्ति कितने बुद्धिमान हैं।', question = 'यह व्यक्ति कितना बुद्धिमान (अर्थात उसे अच्छी समझ अथवा उसके पास उच्च मानसिक क्षमता) है ?' WHERE id=694;
UPDATE exp SET res_name='PSA_HI_Mea_2', name='संकीर्णता', instructions='आप102चहेरेदेखेगं।ेअपनेश्रेष्ठनिर्णयकेअनुसारचहेरेके।̊परकेबटनकोदबातेहुएकृपयायह बताएँ कि आपके विचार से प्रत्येक व्यक्ति कितने सकं ीर्ण हैं।', question = 'यह व्यक्ति कितना संकीर्ण विचारधारा वाला (अर्थात आक्रामक, स्वार्थी या गरै -मिलनसार; दुष्ट/बेशर्म; दूर्भावनापूर्ण प्रवृत्ति का) है ?' WHERE id=695;
UPDATE exp SET res_name='PSA_HI_Res_2', name='उत्तरदायित्व', instructions='आप102चहेरेदेखेगं।ेअपनेश्रेष्ठनिर्णयकेअनुसारचहेरेके।̊परकेबटनकोदबातेहुएकृपयायह बताएँ कि आपके विचार से प्रत्येक व्यक्ति कितने उत्तरदायी हैं।', question = 'यह व्यक्ति कितना उत्तरदायी/जिम्मदे ार (अर्थात पर्यवेक्षण के बिना तर्कसंगत निर्णय लेने में सक्षम है; अपने स्वयं के कार्यांे के प्रति उत्तरदायी) है ?' WHERE id=696;
UPDATE exp SET res_name='PSA_HI_Soc_2', name='सामाजिक', instructions='आप102चहेरेदेखेगं।ेअपनेश्रेष्ठनिर्णयकेअनुसारचहेरेके।̊परकेबटनकोदबातेहुएकृपयायह बताएँ कि आपके विचार से प्रत्येक व्यक्ति कितने सामाजिक हंै।', question = 'यह व्यक्ति कितना सामाजिक विचारधारा वाला (अर्थात मित्रतापूर्ण या समूह/संगत के अनुकूल; मिलनसार) है ?' WHERE id=697;
UPDATE exp SET res_name='PSA_HI_Tru_2', name='विश्वसनीयता', instructions='आप102चहेरेदेखेगं।ेअपनेश्रेष्ठनिर्णयकेअनुसारचहेरेके।̊परकेबटनकोदबातेहुएकृपयायह बताएँ कि आपके विचार से प्रत्येक व्यक्ति कितने विश्वसनीय हैं।', question = 'यह व्यक्ति कितना विश्वसनीय (अर्थात विश्वास करने याग्े य, निर्भर करने याग्े य; भरोसा करने याग्े य) है ?' WHERE id=698;
UPDATE exp SET res_name='PSA_HI_Wei_2', name='विचित्रता', instructions='आप102चहेरेदेखेगं।ेअपनेश्रेष्ठनिर्णयकेअनुसारचहेरेके।̊परकेबटनकोदबातेहुएकृपयायह बताएँ कि आपके विचार से प्रत्येक व्यक्ति कितने विचित्र हैं।', question = 'यह व्यक्ति कितना विचित्र (अर्थात अजीब या विचित्र) है ?' WHERE id=699;
UPDATE exp SET res_name='PSA_HI_Old_2', name='प्रौढ़/वृद्ध/बुढ़ा', instructions='आप102चहेरेदेखेगं।ेअपनेश्रेष्ठनिर्णयकेअनुसारचहेरेके।̊परकेबटनकोदबातेहुएकृपयायह बताएँ कि आपके विचार से प्रत्येक व्यक्ति कितने प्रौढ़ हैं।', question = 'यह व्यक्ति कितना प्रौढ़ (अर्थात वृद्ध हंै युवा नहीं ) है ?' WHERE id=700;

REPLACE INTO set_items (set_id, item_type, item_id, item_n) VALUES 
(385, 'exp', 673, 1),
(386, 'exp', 674, 1),
(387, 'exp', 675, 1),
(388, 'exp', 676, 1),
(389, 'exp', 677, 1),
(390, 'exp', 678, 1),
(391, 'exp', 679, 1),
(392, 'exp', 680, 1),
(393, 'exp', 681, 1),
(394, 'exp', 682, 1),
(395, 'exp', 683, 1),
(396, 'exp', 684, 1),
(397, 'exp', 685, 1),
(398, 'exp', 686, 1),
(385, 'exp', 687, 2),
(386, 'exp', 688, 2),
(387, 'exp', 689, 2),
(388, 'exp', 690, 2),
(389, 'exp', 691, 2),
(390, 'exp', 692, 2),
(391, 'exp', 693, 2),
(392, 'exp', 694, 2),
(393, 'exp', 695, 2),
(394, 'exp', 696, 2),
(395, 'exp', 697, 2),
(396, 'exp', 698, 2),
(397, 'exp', 699, 2),
(398, 'exp', 700, 2),
(399, 'set', 385, 1),
(399, 'set', 386, 2),
(399, 'set', 387, 3),
(399, 'set', 388, 4),
(399, 'set', 389, 5),
(399, 'set', 390, 6),
(399, 'set', 391, 7),
(399, 'set', 392, 8),
(399, 'set', 393, 9),
(399, 'set', 394, 10),
(399, 'set', 395, 11),
(399, 'set', 396, 12),
(399, 'set', 397, 13),
(399, 'set', 398, 14),
(400, 'set', 399, 1);

REPLACE INTO access (type, id, user_id) VALUES
('exp', 673, 1),
('exp', 674, 1),
('exp', 675, 1),
('exp', 676, 1),
('exp', 677, 1),
('exp', 678, 1),
('exp', 679, 1),
('exp', 680, 1),
('exp', 681, 1),
('exp', 682, 1),
('exp', 683, 1),
('exp', 684, 1),
('exp', 685, 1),
('exp', 686, 1),
('exp', 687, 1),
('exp', 688, 1),
('exp', 689, 1),
('exp', 690, 1),
('exp', 691, 1),
('exp', 692, 1),
('exp', 693, 1),
('exp', 694, 1),
('exp', 695, 1),
('exp', 696, 1),
('exp', 697, 1),
('exp', 698, 1),
('exp', 699, 1),
('exp', 700, 1),
('sets', 385, 1),
('sets', 386, 1),
('sets', 387, 1),
('sets', 388, 1),
('sets', 389, 1),
('sets', 390, 1),
('sets', 391, 1),
('sets', 392, 1),
('sets', 393, 1),
('sets', 394, 1),
('sets', 395, 1),
('sets', 396, 1),
('sets', 397, 1),
('sets', 398, 1),
('sets', 399, 1),
('sets', 400, 1);

REPLACE INTO sets (res_name, name, id, create_date, type) VALUES 
('PSA1_HI_Agg', 'आक्रामकता' ,385, NOW(), 'fixed'),
('PSA1_HI_Att', 'आकर्षणशीलता' ,386, NOW(), 'fixed'),
('PSA1_HI_Car', 'परवाह करना' ,387, NOW(), 'fixed'),
('PSA1_HI_Con', 'आत्मविश्वासी' ,388, NOW(), 'fixed'),
('PSA1_HI_Dom', 'प्रभुत्व' ,389, NOW(), 'fixed'),
('PSA1_HI_Emo', 'भावनात्मक स्थिरता' ,390, NOW(), 'fixed'),
('PSA1_HI_Unh', 'अप्रसन्नता' ,391, NOW(), 'fixed'),
('PSA1_HI_Int', 'बुद्धिमता' ,392, NOW(), 'fixed'),
('PSA1_HI_Mea', 'संकीर्णता' ,393, NOW(), 'fixed'),
('PSA1_HI_Res', 'उत्तरदायित्व' ,394, NOW(), 'fixed'),
('PSA1_HI_Soc', 'सामाजिक' ,395, NOW(), 'fixed'),
('PSA1_HI_Tru', 'विश्वसनीयता' ,396, NOW(), 'fixed'),
('PSA1_HI_Wei', 'विचित्रता' ,397, NOW(), 'fixed'),
('PSA1_HI_Old', 'प्रौढ़/वृद्ध/बुढ़ा' ,398, NOW(), 'fixed'),
('PSA_HI_Ratings', 'Ratings' ,399, NOW(), 'one_random'),
('PSA1_HI', 'मैंै आरंभ करना चाहता/चाहती हँू।' ,400, NOW(), 'fixed');

REPLACE INTO project (id, res_name, name, url, blurb, create_date) VALUES
(181, 'PSA1_HI_test', 'यह हिन्दी मंे च्ै। चेहरा- निधार्र ण अध्ययन है। (HI_test)','psa1_HI_test', 'PSA1 Study: HI_test', NOW() ),
(182, 'PSA1_HI_HI_001', 'यह हिन्दी मंे च्ै। चेहरा- निधार्र ण अध्ययन है। (HI_001)','psa1_HI_001', 'PSA1 Study: HI_001', NOW() );

REPLACE INTO project_items VALUES 
(181, 'set', 400, 1, NULL),
(182, 'set', 400, 1, NULL);

REPLACE INTO access (type, id, user_id) VALUES
('project', 181, 1),
('project', 182, 1);

UPDATE project SET intro='इस अध्ययन मंे आपको एक बहतु ही छोटी प्रश्नावली को पूर्ण करने के लिए कहा जाएगा, जिसके द्वारा कुछ जानकारी एकत्रित की जाएगी उदाहरण के लिए आपकी आयु। उसके बाद आपको दिए गए गुणपर120चहेरोंका/कोनिर्धारण/रेटकरनेकेलिएकहाजाएगा।एसेाकरनेकेबादआपको उसीचहेरेकोउसीगुणकेलिएफिरसेनिर्धारण/रेटकरनेकेलिएकहाजाएगा।कृपयासहमतिके लिए नीचे दिए गए बटन को दबाएँ/क्लिक करें और अध्ययन शरूु करे।ं' WHERE id >=181 AND id <=182;
UPDATE sets SET feedback_general = 'The study is now completed. Please tell the study leader.' WHERE id = 398;