UPDATE exp SET res_name='PSA1_SRP_Agg_1', name='Процена агресивности', instructions='Видећете 120 лица. Молимо Вас да назначите колико мислите да је свака од особа агресивна кликом на дугме изнад лица које најбоље представља Вашу процену. ', question = 'Колико је агресивна (тј. склона да се понаша на непријатељски начин) ова особа?' WHERE id=113;
UPDATE exp SET res_name='PSA1_SRP_Att_1', name='Процена привлачности', instructions='Видећете 120 лица. Молимо Вас да назначите колико мислите да је свака од особа привлачна кликом на дугме изнад лица које најбоље представља Вашу процену.', question = 'Колико је привлачна (тј. пријатна чулима лепотом, обликом, карактером, итд.)' WHERE id=114;
UPDATE exp SET res_name='PSA1_SRP_Car_1', name='Процена брижности', instructions='Видећете 120 лица. Молимо Вас да назначите колико мислите да је свака од особа брижна кликом на дугме изнад лица које најбоље представља Вашу процену.', question = 'Колико је брижна (тј. осећа или показује саосећање) ова особа?' WHERE id=115;
UPDATE exp SET res_name='PSA1_SRP_Con_1', name='Процена самопоуздања', instructions='Видећете 120 лица. Молимо Вас да назначите колико мислите да је свака од особа самопоуздана кликом на дугме изнад лица које најбоље представља Вашу процену.', question = 'Колико је самопоуздана (тј. сигурна у себе; нема несигурност у своје способности) ова особа? ' WHERE id=116;
UPDATE exp SET res_name='PSA1_SRP_Dom_1', name='Процена доминантности', instructions='Видећете 120 лица. Молимо Вас да назначите колико мислите да је свака од особа доминантна кликом на дугме изнад лица које најбоље представља Вашу процену.', question = 'Колико је доминантна (тј. јака, важна) ова особа?' WHERE id=117;
UPDATE exp SET res_name='PSA1_SRP_Emo_1', name='Процена емоционалне стабилности', instructions='Видећете 120 лица. Молимо Вас да назначите колико мислите да је свака од особа емоционално стабилна кликом на дугме изнад лица које најбоље представља Вашу процену.', question = 'Колико је емоционално стабилна (тј. није подложна емоционалној нестабилности или обољењу; разумна; ментално здрава) ова особа?' WHERE id=118;
UPDATE exp SET res_name='PSA1_SRP_Unh_1', name='Процена несрећности', instructions='Видећете 120 лица. Молимо Вас да назначите колико мислите да је свака од особа несрећна кликом на дугме изнад лица које најбоље представља Вашу процену.', question = 'Колико је несрећна (тј. није радосна; тужна или депресивна) ова особа?' WHERE id=119;
UPDATE exp SET res_name='PSA1_SRP_Int_1', name='Процена интелигенције', instructions='Видећете 120 лица. Молимо Вас да назначите колико мислите да је свака од особа интелигентна кликом на дугме изнад лица које најбоље представља Вашу процену.', question = 'Колико је интелигентна (тј. има добро разумевање или висок ментални капацитет) ова особа?  ' WHERE id=120;
UPDATE exp SET res_name='PSA1_SRP_Mea_1', name='Процена злобности', instructions='Видећете 120 лица. Молимо Вас да назначите колико мислите да је свака од особа злобна кликом на дугме изнад лица које најбоље представља Вашу процену.', question = 'Колико је злобна (тј. увредљива, себична, или неувиђавна; грозна; злонамерна) ова особа?' WHERE id=121;
UPDATE exp SET res_name='PSA1_SRP_Res_1', name='Процена одговорности', instructions='Видећете 120 лица. Молимо Вас да назначите колико мислите да је свака од особа одговорна кликом на дугме изнад лица које најбоље представља Вашу процену.', question = 'Колико је одговорна (тј. способна да донесе разумне одлуке без надзора) ова особа?' WHERE id=122;
UPDATE exp SET res_name='PSA1_SRP_Soc_1', name='Процена друштвености', instructions='Видећете 120 лица. Молимо Вас да назначите колико мислите да је свака од особа дружељубива кликом на дугме изнад лица које најбоље представља Вашу процену.', question = 'Колико је дружељубива (тј. пријатељски настројена или сарадљива у друштву; друштвена) ова особа?' WHERE id=123;
UPDATE exp SET res_name='PSA1_SRP_Tru_1', name='Процена поузданости', instructions='Видећете 120 лица. Молимо Вас да назначите колико мислите да је свака од особа поуздана кликом на дугме изнад лица које најбоље представља Вашу процену.', question = 'Колико је поуздана (тј. вредна поверења; можете се на њу ослонити) ова особа?' WHERE id=124;
UPDATE exp SET res_name='PSA1_SRP_Wei_1', name='Процена чудности', instructions='Видећете 120 лица. Молимо Вас да назначите колико мислите да је свака од особа чудна кликом на дугме изнад лица које најбоље представља Вашу процену.', question = 'Колико је чудна (тј. необична или бизарна) ова особа? ' WHERE id=125;
UPDATE exp SET res_name='PSA1_SRP_Old_1', name='Процена старости', instructions='Видећете 120 лица. Молимо Вас да назначите колико мислите да је свака од особа стара кликом на дугме изнад лица које најбоље представља Вашу процену.', question = 'Колико је стара (тј. у познијим је годинама, није млада) ова особа? ' WHERE id=126;
UPDATE exp SET res_name='PSA1_SRP_Agg_2', name='Процена агресивности', instructions='Видећете 120 лица. Молимо Вас да назначите колико мислите да је свака од особа агресивна кликом на дугме изнад лица које најбоље представља Вашу процену. ', question = 'Колико је агресивна (тј. склона да се понаша на непријатељски начин) ова особа?' WHERE id=127;
UPDATE exp SET res_name='PSA1_SRP_Att_2', name='Процена привлачности', instructions='Видећете 120 лица. Молимо Вас да назначите колико мислите да је свака од особа привлачна кликом на дугме изнад лица које најбоље представља Вашу процену.', question = 'Колико је привлачна (тј. пријатна чулима лепотом, обликом, карактером, итд.)' WHERE id=128;
UPDATE exp SET res_name='PSA1_SRP_Car_2', name='Процена брижности', instructions='Видећете 120 лица. Молимо Вас да назначите колико мислите да је свака од особа брижна кликом на дугме изнад лица које најбоље представља Вашу процену.', question = 'Колико је брижна (тј. осећа или показује саосећање) ова особа?' WHERE id=129;
UPDATE exp SET res_name='PSA1_SRP_Con_2', name='Процена самопоуздања', instructions='Видећете 120 лица. Молимо Вас да назначите колико мислите да је свака од особа самопоуздана кликом на дугме изнад лица које најбоље представља Вашу процену.', question = 'Колико је самопоуздана (тј. сигурна у себе; нема несигурност у своје способности) ова особа? ' WHERE id=130;
UPDATE exp SET res_name='PSA1_SRP_Dom_2', name='Процена доминантности', instructions='Видећете 120 лица. Молимо Вас да назначите колико мислите да је свака од особа доминантна кликом на дугме изнад лица које најбоље представља Вашу процену.', question = 'Колико је доминантна (тј. јака, важна) ова особа?' WHERE id=131;
UPDATE exp SET res_name='PSA1_SRP_Emo_2', name='Процена емоционалне стабилности', instructions='Видећете 120 лица. Молимо Вас да назначите колико мислите да је свака од особа емоционално стабилна кликом на дугме изнад лица које најбоље представља Вашу процену.', question = 'Колико је емоционално стабилна (тј. није подложна емоционалној нестабилности или обољењу; разумна; ментално здрава) ова особа?' WHERE id=132;
UPDATE exp SET res_name='PSA1_SRP_Unh_2', name='Процена несрећности', instructions='Видећете 120 лица. Молимо Вас да назначите колико мислите да је свака од особа несрећна кликом на дугме изнад лица које најбоље представља Вашу процену.', question = 'Колико је несрећна (тј. није радосна; тужна или депресивна) ова особа?' WHERE id=133;
UPDATE exp SET res_name='PSA1_SRP_Int_2', name='Процена интелигенције', instructions='Видећете 120 лица. Молимо Вас да назначите колико мислите да је свака од особа интелигентна кликом на дугме изнад лица које најбоље представља Вашу процену.', question = 'Колико је интелигентна (тј. има добро разумевање или висок ментални капацитет) ова особа?  ' WHERE id=134;
UPDATE exp SET res_name='PSA1_SRP_Mea_2', name='Процена злобности', instructions='Видећете 120 лица. Молимо Вас да назначите колико мислите да је свака од особа злобна кликом на дугме изнад лица које најбоље представља Вашу процену.', question = 'Колико је злобна (тј. увредљива, себична, или неувиђавна; грозна; злонамерна) ова особа?' WHERE id=135;
UPDATE exp SET res_name='PSA1_SRP_Res_2', name='Процена одговорности', instructions='Видећете 120 лица. Молимо Вас да назначите колико мислите да је свака од особа одговорна кликом на дугме изнад лица које најбоље представља Вашу процену.', question = 'Колико је одговорна (тј. способна да донесе разумне одлуке без надзора) ова особа?' WHERE id=136;
UPDATE exp SET res_name='PSA1_SRP_Soc_2', name='Процена друштвености', instructions='Видећете 120 лица. Молимо Вас да назначите колико мислите да је свака од особа дружељубива кликом на дугме изнад лица које најбоље представља Вашу процену.', question = 'Колико је дружељубива (тј. пријатељски настројена или сарадљива у друштву; друштвена) ова особа?' WHERE id=137;
UPDATE exp SET res_name='PSA1_SRP_Tru_2', name='Процена поузданости', instructions='Видећете 120 лица. Молимо Вас да назначите колико мислите да је свака од особа поуздана кликом на дугме изнад лица које најбоље представља Вашу процену.', question = 'Колико је поуздана (тј. вредна поверења; можете се на њу ослонити) ова особа?' WHERE id=138;
UPDATE exp SET res_name='PSA1_SRP_Wei_2', name='Процена чудности', instructions='Видећете 120 лица. Молимо Вас да назначите колико мислите да је свака од особа чудна кликом на дугме изнад лица које најбоље представља Вашу процену.', question = 'Колико је чудна (тј. необична или бизарна) ова особа? ' WHERE id=139;
UPDATE exp SET res_name='PSA1_SRP_Old_2', name='Процена старости', instructions='Видећете 120 лица. Молимо Вас да назначите колико мислите да је свака од особа стара кликом на дугме изнад лица које најбоље представља Вашу процену.', question = 'Колико је стара (тј. у познијим је годинама, није млада) ова особа? ' WHERE id=140;

REPLACE INTO set_items (set_id, item_type, item_id, item_n) VALUES 
(65, 'exp', 113, 1),
(66, 'exp', 114, 1),
(67, 'exp', 115, 1),
(68, 'exp', 116, 1),
(69, 'exp', 117, 1),
(70, 'exp', 118, 1),
(71, 'exp', 119, 1),
(72, 'exp', 120, 1),
(73, 'exp', 121, 1),
(74, 'exp', 122, 1),
(75, 'exp', 123, 1),
(76, 'exp', 124, 1),
(77, 'exp', 125, 1),
(78, 'exp', 126, 1),
(65, 'exp', 127, 2),
(66, 'exp', 128, 2),
(67, 'exp', 129, 2),
(68, 'exp', 130, 2),
(69, 'exp', 131, 2),
(70, 'exp', 132, 2),
(71, 'exp', 133, 2),
(72, 'exp', 134, 2),
(73, 'exp', 135, 2),
(74, 'exp', 136, 2),
(75, 'exp', 137, 2),
(76, 'exp', 138, 2),
(77, 'exp', 139, 2),
(78, 'exp', 140, 2),
(79, 'set', 65, 1),
(79, 'set', 66, 2),
(79, 'set', 67, 3),
(79, 'set', 68, 4),
(79, 'set', 69, 5),
(79, 'set', 70, 6),
(79, 'set', 71, 7),
(79, 'set', 72, 8),
(79, 'set', 73, 9),
(79, 'set', 74, 10),
(79, 'set', 75, 11),
(79, 'set', 76, 12),
(79, 'set', 77, 13),
(79, 'set', 78, 14),
(80, 'set', 79, 1);

REPLACE INTO access (type, id, user_id) VALUES
('exp', 113, 1),
('exp', 114, 1),
('exp', 115, 1),
('exp', 116, 1),
('exp', 117, 1),
('exp', 118, 1),
('exp', 119, 1),
('exp', 120, 1),
('exp', 121, 1),
('exp', 122, 1),
('exp', 123, 1),
('exp', 124, 1),
('exp', 125, 1),
('exp', 126, 1),
('exp', 127, 1),
('exp', 128, 1),
('exp', 129, 1),
('exp', 130, 1),
('exp', 131, 1),
('exp', 132, 1),
('exp', 133, 1),
('exp', 134, 1),
('exp', 135, 1),
('exp', 136, 1),
('exp', 137, 1),
('exp', 138, 1),
('exp', 139, 1),
('exp', 140, 1),
('sets', 65, 1),
('sets', 66, 1),
('sets', 67, 1),
('sets', 68, 1),
('sets', 69, 1),
('sets', 70, 1),
('sets', 71, 1),
('sets', 72, 1),
('sets', 73, 1),
('sets', 74, 1),
('sets', 75, 1),
('sets', 76, 1),
('sets', 77, 1),
('sets', 78, 1),
('sets', 79, 1),
('sets', 80, 1);

REPLACE INTO sets (res_name, name, id, create_date, type) VALUES 
('PSA1_SRP_Agg', 'Процена агресивности' ,65, NOW(), 'fixed'),
('PSA1_SRP_Att', 'Процена привлачности' ,66, NOW(), 'fixed'),
('PSA1_SRP_Car', 'Процена брижности' ,67, NOW(), 'fixed'),
('PSA1_SRP_Con', 'Процена самопоуздања' ,68, NOW(), 'fixed'),
('PSA1_SRP_Dom', 'Процена доминантности' ,69, NOW(), 'fixed'),
('PSA1_SRP_Emo', 'Процена емоционалне стабилности' ,70, NOW(), 'fixed'),
('PSA1_SRP_Unh', 'Процена несрећности' ,71, NOW(), 'fixed'),
('PSA1_SRP_Int', 'Процена интелигенције' ,72, NOW(), 'fixed'),
('PSA1_SRP_Mea', 'Процена злобности' ,73, NOW(), 'fixed'),
('PSA1_SRP_Res', 'Процена одговорности' ,74, NOW(), 'fixed'),
('PSA1_SRP_Soc', 'Процена друштвености' ,75, NOW(), 'fixed'),
('PSA1_SRP_Tru', 'Процена поузданости' ,76, NOW(), 'fixed'),
('PSA1_SRP_Wei', 'Процена чудности' ,77, NOW(), 'fixed'),
('PSA1_SRP_Old', 'Процена старости' ,78, NOW(), 'fixed'),
('PSA1_SRP_Ratings', 'Ratings' ,79, NOW(), 'one_random'),
('PSA1_SRP', 'Почни експеримент' ,80, NOW(), 'fixed');

REPLACE INTO project (id, res_name, name, url, blurb, create_date) VALUES
(88, 'PSA1_SRP_test', 'Почни експеримент (SRP_test)','psa1_SRP_test', 'PSA1 Study: SRP_test', NOW() ),
(89, 'PSA1_SRP_SRB_002 ', 'Почни експеримент (SRB_002 )','psa1_SRB_002 ', 'PSA1 Study: SRB_002 ', NOW() );

REPLACE INTO project_items VALUES 
(88, 'set', 80, 1, NULL),
(89, 'set', 80, 1, NULL);

REPLACE INTO access (type, id, user_id) VALUES
('project', 88, 1),
('project', 89, 1);

UPDATE project SET intro="У овом студији бићете замољени да попуните веома кратак упитник који прикупља податке о, на пример, вашем узрасту. Потом ћете бити замољени да процените 120 лица на датој особини. Након што то урадите, бићете замољени да процените та иста лица на тој истој особини поново. Молимо Вас притисните дугме испод да дате сагласност и почнете истраживање."  WHERE id >=88 AND id <=89;