UPDATE exp SET res_name='PSA_FR-CH_Agg_1', name='Évaluation de l’agressivité', instructions='Vous allez voir 120 visages. Veuillez indiquer à quel point vous trouvez chaque personne agressive en cliquant sur le bouton au-dessus du visage qui représente le mieux votre jugement.', question = 'A quel point cette personne est-elle agressive (i.e., a tendance à se comporter de manière hostile) ?' WHERE id=449;
UPDATE exp SET res_name='PSA_FR-CH_Att_1', name='Évaluation de l’attractivité', instructions='Vous allez voir 120 visages. Veuillez indiquer à quel point vous trouvez chaque personne attractive en cliquant sur le bouton au-dessus du visage qui représente le mieux votre jugement.', question = 'A quel point cette personne est-elle attractive (i.e., agréable à regarder, de par sa beauté, sa forme, son caractère, etc.) ?' WHERE id=450;
UPDATE exp SET res_name='PSA_FR-CH_Car_1', name='Évaluation de la compassion', instructions='Vous allez voir 120 visages. Veuillez indiquer à quel point vous trouvez chaque personne attentionnée en cliquant sur le bouton au-dessus du visage qui représente le mieux votre jugement.', question = 'A quel point cette personne est-elle attentionnée (i.e., ressent ou montre de la compassion) ?' WHERE id=451;
UPDATE exp SET res_name='PSA_FR-CH_Con_1', name='Évaluation de l’assurance', instructions='Vous allez voir 120 visages. Veuillez indiquer à quel point la personne a confiance en elle en cliquant sur le bouton au-dessus du visage qui représente le mieux votre jugement.', question = 'A quel point cette personne a-t-elle confiance en elle (i.e., sûre d’elle, n’ayant aucun doute sur ses capacités) ?' WHERE id=452;
UPDATE exp SET res_name='PSA_FR-CH_Dom_1', name='Évaluation de la domination', instructions='Vous allez voir 120 visages. Veuillez indiquer à quel point vous trouvez chaque personne dominante en cliquant sur le bouton au-dessus du visage qui représente le mieux votre jugement.', question = 'A quel point cette personne est-elle dominante (i.e., forte, importante) ?' WHERE id=453;
UPDATE exp SET res_name='PSA_FR-CH_Emo_1', name='Évaluation de la stabilité émotionnelle', instructions='Vous allez voir 120 visages. Veuillez indiquer à quel point vous trouvez chaque personne stable émotionnellement en cliquant sur le bouton au-dessus du visage qui représente le mieux votre jugement.', question = 'A quel point cette personne est-elle stable émotionnellement (i.e., non sujette à de l’instabilité ou à un trouble émotionnel ; saine d’esprit) ?' WHERE id=454;
UPDATE exp SET res_name='PSA_FR-CH_Unh_1', name='Évaluation de la tristesse', instructions='Vous allez voir 120 visages. Veuillez indiquer à quel point vous trouvez chaque personne triste en cliquant sur le bouton au-dessus du visage qui représente le mieux votre jugement.', question = 'A quel point cette personne est-elle triste (i.e., pas joyeuse, malheureuse ou déprimée) ?' WHERE id=455;
UPDATE exp SET res_name='PSA_FR-CH_Int_1', name='Évaluation de l’intelligence', instructions='Vous allez voir 120 visages. Veuillez indiquer à quel point vous trouvez chaque personne intelligente en cliquant sur le bouton au-dessus du visage qui représente le mieux votre jugement.', question = 'A quel point cette personne est-elle intelligente (i.e., a une bonne compréhension des choses ou de hautes capacités mentales) ?' WHERE id=456;
UPDATE exp SET res_name='PSA_FR-CH_Mea_1', name='Évaluation de la méchanceté', instructions='Vous allez voir 120 visages. Veuillez indiquer à quel point vous trouvez chaque personne méchante en cliquant sur le bouton au-dessus du visage qui représente le mieux votre jugement.', question = 'A quel point cette personne est-elle méchante (i.e., blessante, égoïste ou peu conciliante ; mauvaise ; malveillante) ?' WHERE id=457;
UPDATE exp SET res_name='PSA_FR-CH_Res_1', name='Évaluation de la responsabilité', instructions='Vous allez voir 120 visages. Veuillez indiquer à quel point vous trouvez chaque personne responsable en cliquant sur le bouton au-dessus du visage qui représente le mieux votre jugement.', question = 'A quel point cette personne est-elle responsable (i.e., capable de prendre des décisions rationnelles de manière autonome, assume ses propres actions) ?' WHERE id=458;
UPDATE exp SET res_name='PSA_FR-CH_Soc_1', name='Évaluation de la sociabilité', instructions='Vous allez voir 120 visages. Veuillez indiquer à quel point vous trouvez chaque personne sociable en cliquant sur le bouton au-dessus du visage qui représente le mieux votre jugement.', question = 'A quel point cette personne est-elle sociable (i.e., amicale ou de bonne compagnie, conviviale) ?' WHERE id=459;
UPDATE exp SET res_name='PSA_FR-CH_Tru_1', name='Évaluation de la fiabilité', instructions='Vous allez voir 120 visages. Veuillez indiquer à quel point vous trouvez chaque personne digne de confiance en cliquant sur le bouton au-dessus du visage qui représente le mieux votre jugement.', question = 'A quel point cette personne est-elle digne de confiance (i.e., mérite la confiance, on peut compter sur elle, fiable) ?' WHERE id=460;
UPDATE exp SET res_name='PSA_FR-CH_Wei_1', name='Évaluation de la bizzarrerie', instructions='Vous allez voir 120 visages. Veuillez indiquer à quel point vous trouvez chaque personne bizarre en cliquant sur le bouton au-dessus du visage qui représente le mieux votre jugement.', question = 'A quel point cette personne est-elle bizarre (i.e., étrange) ?' WHERE id=461;
UPDATE exp SET res_name='PSA_FR-CH_Old_1', name='Évaluation de l’âge', instructions='Vous allez voir 120 visages. Veuillez indiquer à quel point vous trouvez chaque personne âgée en cliquant sur le bouton au-dessus du visage qui représente le mieux votre jugement.', question = 'A quel point cette personne est-elle vieille (i.e., a un grand âge, pas jeune) ?' WHERE id=462;
UPDATE exp SET res_name='PSA_FR-CH_Agg_2', name='Évaluation de l’agressivité', instructions='Vous allez voir 120 visages. Veuillez indiquer à quel point vous trouvez chaque personne agressive en cliquant sur le bouton au-dessus du visage qui représente le mieux votre jugement.', question = 'A quel point cette personne est-elle agressive (i.e., a tendance à se comporter de manière hostile) ?' WHERE id=463;
UPDATE exp SET res_name='PSA_FR-CH_Att_2', name='Évaluation de l’attractivité', instructions='Vous allez voir 120 visages. Veuillez indiquer à quel point vous trouvez chaque personne attractive en cliquant sur le bouton au-dessus du visage qui représente le mieux votre jugement.', question = 'A quel point cette personne est-elle attractive (i.e., agréable à regarder, de par sa beauté, sa forme, son caractère, etc.) ?' WHERE id=464;
UPDATE exp SET res_name='PSA_FR-CH_Car_2', name='Évaluation de la compassion', instructions='Vous allez voir 120 visages. Veuillez indiquer à quel point vous trouvez chaque personne attentionnée en cliquant sur le bouton au-dessus du visage qui représente le mieux votre jugement.', question = 'A quel point cette personne est-elle attentionnée (i.e., ressent ou montre de la compassion) ?' WHERE id=465;
UPDATE exp SET res_name='PSA_FR-CH_Con_2', name='Évaluation de l’assurance', instructions='Vous allez voir 120 visages. Veuillez indiquer à quel point la personne a confiance en elle en cliquant sur le bouton au-dessus du visage qui représente le mieux votre jugement.', question = 'A quel point cette personne a-t-elle confiance en elle (i.e., sûre d’elle, n’ayant aucun doute sur ses capacités) ?' WHERE id=466;
UPDATE exp SET res_name='PSA_FR-CH_Dom_2', name='Évaluation de la domination', instructions='Vous allez voir 120 visages. Veuillez indiquer à quel point vous trouvez chaque personne dominante en cliquant sur le bouton au-dessus du visage qui représente le mieux votre jugement.', question = 'A quel point cette personne est-elle dominante (i.e., forte, importante) ?' WHERE id=467;
UPDATE exp SET res_name='PSA_FR-CH_Emo_2', name='Évaluation de la stabilité émotionnelle', instructions='Vous allez voir 120 visages. Veuillez indiquer à quel point vous trouvez chaque personne stable émotionnellement en cliquant sur le bouton au-dessus du visage qui représente le mieux votre jugement.', question = 'A quel point cette personne est-elle stable émotionnellement (i.e., non sujette à de l’instabilité ou à un trouble émotionnel ; saine d’esprit) ?' WHERE id=468;
UPDATE exp SET res_name='PSA_FR-CH_Unh_2', name='Évaluation de la tristesse', instructions='Vous allez voir 120 visages. Veuillez indiquer à quel point vous trouvez chaque personne triste en cliquant sur le bouton au-dessus du visage qui représente le mieux votre jugement.', question = 'A quel point cette personne est-elle triste (i.e., pas joyeuse, malheureuse ou déprimée) ?' WHERE id=469;
UPDATE exp SET res_name='PSA_FR-CH_Int_2', name='Évaluation de l’intelligence', instructions='Vous allez voir 120 visages. Veuillez indiquer à quel point vous trouvez chaque personne intelligente en cliquant sur le bouton au-dessus du visage qui représente le mieux votre jugement.', question = 'A quel point cette personne est-elle intelligente (i.e., a une bonne compréhension des choses ou de hautes capacités mentales) ?' WHERE id=470;
UPDATE exp SET res_name='PSA_FR-CH_Mea_2', name='Évaluation de la méchanceté', instructions='Vous allez voir 120 visages. Veuillez indiquer à quel point vous trouvez chaque personne méchante en cliquant sur le bouton au-dessus du visage qui représente le mieux votre jugement.', question = 'A quel point cette personne est-elle méchante (i.e., blessante, égoïste ou peu conciliante ; mauvaise ; malveillante) ?' WHERE id=471;
UPDATE exp SET res_name='PSA_FR-CH_Res_2', name='Évaluation de la responsabilité', instructions='Vous allez voir 120 visages. Veuillez indiquer à quel point vous trouvez chaque personne responsable en cliquant sur le bouton au-dessus du visage qui représente le mieux votre jugement.', question = 'A quel point cette personne est-elle responsable (i.e., capable de prendre des décisions rationnelles de manière autonome, assume ses propres actions) ?' WHERE id=472;
UPDATE exp SET res_name='PSA_FR-CH_Soc_2', name='Évaluation de la sociabilité', instructions='Vous allez voir 120 visages. Veuillez indiquer à quel point vous trouvez chaque personne sociable en cliquant sur le bouton au-dessus du visage qui représente le mieux votre jugement.', question = 'A quel point cette personne est-elle sociable (i.e., amicale ou de bonne compagnie, conviviale) ?' WHERE id=473;
UPDATE exp SET res_name='PSA_FR-CH_Tru_2', name='Évaluation de la fiabilité', instructions='Vous allez voir 120 visages. Veuillez indiquer à quel point vous trouvez chaque personne digne de confiance en cliquant sur le bouton au-dessus du visage qui représente le mieux votre jugement.', question = 'A quel point cette personne est-elle digne de confiance (i.e., mérite la confiance, on peut compter sur elle, fiable) ?' WHERE id=474;
UPDATE exp SET res_name='PSA_FR-CH_Wei_2', name='Évaluation de la bizzarrerie', instructions='Vous allez voir 120 visages. Veuillez indiquer à quel point vous trouvez chaque personne bizarre en cliquant sur le bouton au-dessus du visage qui représente le mieux votre jugement.', question = 'A quel point cette personne est-elle bizarre (i.e., étrange) ?' WHERE id=475;
UPDATE exp SET res_name='PSA_FR-CH_Old_2', name='Évaluation de l’âge', instructions='Vous allez voir 120 visages. Veuillez indiquer à quel point vous trouvez chaque personne âgée en cliquant sur le bouton au-dessus du visage qui représente le mieux votre jugement.', question = 'A quel point cette personne est-elle vieille (i.e., a un grand âge, pas jeune) ?' WHERE id=476;

REPLACE INTO set_items (set_id, item_type, item_id, item_n) VALUES 
(257, 'exp', 449, 1),
(258, 'exp', 450, 1),
(259, 'exp', 451, 1),
(260, 'exp', 452, 1),
(261, 'exp', 453, 1),
(262, 'exp', 454, 1),
(263, 'exp', 455, 1),
(264, 'exp', 456, 1),
(265, 'exp', 457, 1),
(266, 'exp', 458, 1),
(267, 'exp', 459, 1),
(268, 'exp', 460, 1),
(269, 'exp', 461, 1),
(270, 'exp', 462, 1),
(257, 'exp', 463, 2),
(258, 'exp', 464, 2),
(259, 'exp', 465, 2),
(260, 'exp', 466, 2),
(261, 'exp', 467, 2),
(262, 'exp', 468, 2),
(263, 'exp', 469, 2),
(264, 'exp', 470, 2),
(265, 'exp', 471, 2),
(266, 'exp', 472, 2),
(267, 'exp', 473, 2),
(268, 'exp', 474, 2),
(269, 'exp', 475, 2),
(270, 'exp', 476, 2),
(271, 'set', 257, 1),
(271, 'set', 258, 2),
(271, 'set', 259, 3),
(271, 'set', 260, 4),
(271, 'set', 261, 5),
(271, 'set', 262, 6),
(271, 'set', 263, 7),
(271, 'set', 264, 8),
(271, 'set', 265, 9),
(271, 'set', 266, 10),
(271, 'set', 267, 11),
(271, 'set', 268, 12),
(271, 'set', 269, 13),
(271, 'set', 270, 14),
(272, 'set', 271, 1);

REPLACE INTO access (type, id, user_id) VALUES
('exp', 449, 1),
('exp', 450, 1),
('exp', 451, 1),
('exp', 452, 1),
('exp', 453, 1),
('exp', 454, 1),
('exp', 455, 1),
('exp', 456, 1),
('exp', 457, 1),
('exp', 458, 1),
('exp', 459, 1),
('exp', 460, 1),
('exp', 461, 1),
('exp', 462, 1),
('exp', 463, 1),
('exp', 464, 1),
('exp', 465, 1),
('exp', 466, 1),
('exp', 467, 1),
('exp', 468, 1),
('exp', 469, 1),
('exp', 470, 1),
('exp', 471, 1),
('exp', 472, 1),
('exp', 473, 1),
('exp', 474, 1),
('exp', 475, 1),
('exp', 476, 1),
('sets', 257, 1),
('sets', 258, 1),
('sets', 259, 1),
('sets', 260, 1),
('sets', 261, 1),
('sets', 262, 1),
('sets', 263, 1),
('sets', 264, 1),
('sets', 265, 1),
('sets', 266, 1),
('sets', 267, 1),
('sets', 268, 1),
('sets', 269, 1),
('sets', 270, 1),
('sets', 271, 1),
('sets', 272, 1);

REPLACE INTO sets (res_name, name, id, create_date, type) VALUES 
('PSA1_FR-CH_Agg', 'Évaluation de l’agressivité' ,257, NOW(), 'fixed'),
('PSA1_FR-CH_Att', 'Évaluation de l’attractivité' ,258, NOW(), 'fixed'),
('PSA1_FR-CH_Car', 'Évaluation de la compassion' ,259, NOW(), 'fixed'),
('PSA1_FR-CH_Con', 'Évaluation de l’assurance' ,260, NOW(), 'fixed'),
('PSA1_FR-CH_Dom', 'Évaluation de la domination' ,261, NOW(), 'fixed'),
('PSA1_FR-CH_Emo', 'Évaluation de la stabilité émotionnelle' ,262, NOW(), 'fixed'),
('PSA1_FR-CH_Unh', 'Évaluation de la tristesse' ,263, NOW(), 'fixed'),
('PSA1_FR-CH_Int', 'Évaluation de l’intelligence' ,264, NOW(), 'fixed'),
('PSA1_FR-CH_Mea', 'Évaluation de la méchanceté' ,265, NOW(), 'fixed'),
('PSA1_FR-CH_Res', 'Évaluation de la responsabilité' ,266, NOW(), 'fixed'),
('PSA1_FR-CH_Soc', 'Évaluation de la sociabilité' ,267, NOW(), 'fixed'),
('PSA1_FR-CH_Tru', 'Évaluation de la fiabilité' ,268, NOW(), 'fixed'),
('PSA1_FR-CH_Wei', 'Évaluation de la bizzarrerie' ,269, NOW(), 'fixed'),
('PSA1_FR-CH_Old', 'Évaluation de l’âge' ,270, NOW(), 'fixed'),
('PSA_FR-CH_Ratings', 'Ratings' ,271, NOW(), 'one_random'),
('PSA1_FR-CH', 'Commencer l’expérience' ,272, NOW(), 'fixed');

REPLACE INTO project (id, res_name, name, url, blurb, create_date) VALUES
(146, 'PSA1_FR-CH_test', 'Expérience sur les visages (FR-CH_test)','psa1_FR-CH_test', 'PSA1 Study: FR-CH_test', NOW() ),
(147, 'PSA1_FR-CH_SUI_003', 'Expérience sur les visages (SUI_003)','psa1_SUI_003', 'PSA1 Study: SUI_003', NOW() );

REPLACE INTO project_items VALUES 
(146, 'set', 272, 1, NULL),
(147, 'set', 272, 1, NULL);

REPLACE INTO access (type, id, user_id) VALUES
('project', 146, 1),
('project', 147, 1);

UPDATE project SET intro='Dans cette étude on vous demandera de remplir un très cour questionnaire pour recueillir plusieurs informations, par exemple votre âge. On vous demandera ensuite d’évaluer 120 visages sur un trait donné. Après cela on vous demandera d’évaluer à nouveau ces mêmes visages pour le même trait. Veuillez cliquer sur le bouton ci-dessous pour consentir et commencer l’étude.' WHERE id >=146 AND id <=147;
UPDATE sets SET feedback_general = 'L’expérience est terminée. Vous pouvez aller chercher l’expérimentateur.' WHERE id = 272;
