UPDATE exp SET res_name='PSA_NL_Agg_1', name='beoordelen van agressiviteit', instructions='Je krijgt 120 gezichten te zien. Geef aan hoe agressief je denkt dat elke persoon is door op de knop boven het gezicht te klikken die het beste overeenkomt met jouw oordeel.', question = 'Hoe agressief (d.w.z., geneigd om zich op een vijandige manier te gedragen) is deze persoon?' WHERE id=393;
UPDATE exp SET res_name='PSA_NL_Att_1', name='beoordelen van aantrekkelijkheid', instructions='Je krijgt 120 gezichten te zien. Geef aan hoe aantrekkelijk je denkt dat elke persoon is door op de knop boven het gezicht te klikken die het beste overeenkomt met jouw oordeel.', question = 'Hoe aantrekkelijk (d.w.z., Lust voor het oog, vorm, karakter, enz.) is deze persoon?' WHERE id=394;
UPDATE exp SET res_name='PSA_NL_Car_1', name='beoordelen van zorgzaamheid', instructions='Je krijgt 120 gezichten te zien. Geef aan hoe zorgzaam je denkt dat elke persoon is door op de knop boven het gezicht te klikken die het beste overeenkomt met jouw oordeel.', question = 'Hoe zorgzaam (d.w.z. compassie voelen of tonen) is deze persoon?' WHERE id=395;
UPDATE exp SET res_name='PSA_NL_Con_1', name='beoordelen van zelfverzekerdheid', instructions='Je krijgt 120 gezichten te zien. Geef aan hoe zelfverzekerd je denkt dat elke persoon is door op de knop boven het gezicht te klikken die het beste overeenkomt met jouw oordeel.', question = 'Hoe zelfverzekerd (d.w.z., zeker van zichzelf, geen onzekerheid hebben over het eigen kunnen) is deze persoon?' WHERE id=396;
UPDATE exp SET res_name='PSA_NL_Dom_1', name='beoordelen van dominantie', instructions='Je krijgt 120 gezichten te zien. Geef aan hoe dominant je denkt dat elke persoon is door op de knop boven het gezicht te klikken die het beste overeenkomt met jouw oordeel.', question = 'Hoe dominant (d.w.z., sterk; belangrijk) is deze persoon?' WHERE id=397;
UPDATE exp SET res_name='PSA_NL_Emo_1', name='beoordelen van emotionele stabiliteit', instructions='Je krijgt 120 gezichten te zien. Geef aan hoe emotioneel stabiel je denkt dat elke persoon is door op de knop boven het gezicht te klikken die het beste overeenkomt met jouw oordeel.', question = 'Hoe emotioneel stabiel (d.w.z., niet onderhevig aan emotionele instabiliteit of ziekte; bij je volle verstand; geestelijk gezond) is deze persoon?' WHERE id=398;
UPDATE exp SET res_name='PSA_NL_Unh_1', name='beoordelen van ongelukkigheid', instructions='Je krijgt 120 gezichten te zien. Geef aan hoe ongelukkig je denkt dat elke persoon is door op de knop boven het gezicht te klikken die het beste overeenkomt met jouw oordeel.', question = 'Hoe ongelukkig (d.w.z., niet opgewekt; verdrietig of depressief) is deze persoon?' WHERE id=399;
UPDATE exp SET res_name='PSA_NL_Int_1', name='beoordelen van intelligentie', instructions='Je krijgt 120 gezichten te zien. Geef aan hoe intelligent je denkt dat elke persoon is door op de knop boven het gezicht te klikken die het beste overeenkomt met jouw oordeel.', question = 'Hoe intelligent (d.w.z., een goed begrip of een hoge mentale capaciteit hebben) is deze persoon?' WHERE id=400;
UPDATE exp SET res_name='PSA_NL_Mea_1', name='beoordelen van gemeenheid', instructions='Je krijgt 120 gezichten te zien. Geef aan hoe gemeen je denkt dat elke persoon is door op de knop boven het gezicht te klikken die het beste overeenkomt met jouw oordeel.', question = 'Hoe gemeen (d.w.z., beledigend, zelfzuchtig, niet tegemoetkomend; naar, kwaadaardig) is deze persoon?' WHERE id=401;
UPDATE exp SET res_name='PSA_NL_Res_1', name='beoordelen van verantwoordelijkheid', instructions='Je krijgt 120 gezichten te zien. Geef aan hoe verantwoordelijk je denkt dat elke persoon is door op de knop boven het gezicht te klikken die het beste overeenkomt met jouw oordeel.', question = 'Hoe verantwoordelijk (d.w.z., rationele beslissingen kunnen nemen zonder begeleiding; aansprakelijk zijn voor je eigen handelingen) is deze persoon?' WHERE id=402;
UPDATE exp SET res_name='PSA_NL_Soc_1', name='beoordelen van gemoedelijkheid', instructions='Je krijgt 120 gezichten te zien. Geef aan hoe sociabel je denkt dat elke persoon is door op de knop boven het gezicht te klikken die het beste overeenkomt met jouw oordeel.', question = 'Hoe sociabel (d.w.z., vriendelijk of prettig in de omgang, gezellig) is deze persoon?' WHERE id=403;
UPDATE exp SET res_name='PSA_NL_Tru_1', name='beoordelen van betrouwbaarheid', instructions='Je krijgt 120 gezichten te zien. Geef aan hoe vertrouwenswaardig je denkt dat elke persoon is door op de knop boven het gezicht te klikken die het beste overeenkomt met jouw oordeel.', question = 'Hoe vertrouwenswaardig (d.w.z., betrouwbaar, geloofwaardig) is deze persoon?' WHERE id=404;
UPDATE exp SET res_name='PSA_NL_Wei_1', name='beoordelen van vreemdheid', instructions='Je krijgt 120 gezichten te zien. Geef aan hoe vreemd je denkt dat elke persoon is door op de knop boven het gezicht te klikken die het beste overeenkomt met jouw oordeel.', question = 'Hoe vreemd (d.w.z., raar of bizar) is deze persoon?' WHERE id=405;
UPDATE exp SET res_name='PSA_NL_Old_1', name='beoordelen van leeftijd', instructions='Je krijgt 120 gezichten te zien. Geef aan hoe oud je denkt dat elke persoon is door op de knop boven het gezicht te klikken die het beste overeenkomt met jouw oordeel.', question = 'Hoe oud (d.w.z., een hogere leeftijd hebben, niet jong) is deze persoon?' WHERE id=406;
UPDATE exp SET res_name='PSA_NL_Agg_2', name='beoordelen van agressiviteit', instructions='Je krijgt 120 gezichten te zien. Geef aan hoe agressief je denkt dat elke persoon is door op de knop boven het gezicht te klikken die het beste overeenkomt met jouw oordeel.', question = 'Hoe agressief (d.w.z., geneigd om zich op een vijandige manier te gedragen) is deze persoon?' WHERE id=407;
UPDATE exp SET res_name='PSA_NL_Att_2', name='beoordelen van aantrekkelijkheid', instructions='Je krijgt 120 gezichten te zien. Geef aan hoe aantrekkelijk je denkt dat elke persoon is door op de knop boven het gezicht te klikken die het beste overeenkomt met jouw oordeel.', question = 'Hoe aantrekkelijk (d.w.z., Lust voor het oog, vorm, karakter, enz.) is deze persoon?' WHERE id=408;
UPDATE exp SET res_name='PSA_NL_Car_2', name='beoordelen van zorgzaamheid', instructions='Je krijgt 120 gezichten te zien. Geef aan hoe zorgzaam je denkt dat elke persoon is door op de knop boven het gezicht te klikken die het beste overeenkomt met jouw oordeel.', question = 'Hoe zorgzaam (d.w.z. compassie voelen of tonen) is deze persoon?' WHERE id=409;
UPDATE exp SET res_name='PSA_NL_Con_2', name='beoordelen van zelfverzekerdheid', instructions='Je krijgt 120 gezichten te zien. Geef aan hoe zelfverzekerd je denkt dat elke persoon is door op de knop boven het gezicht te klikken die het beste overeenkomt met jouw oordeel.', question = 'Hoe zelfverzekerd (d.w.z., zeker van zichzelf, geen onzekerheid hebben over het eigen kunnen) is deze persoon?' WHERE id=410;
UPDATE exp SET res_name='PSA_NL_Dom_2', name='beoordelen van dominantie', instructions='Je krijgt 120 gezichten te zien. Geef aan hoe dominant je denkt dat elke persoon is door op de knop boven het gezicht te klikken die het beste overeenkomt met jouw oordeel.', question = 'Hoe dominant (d.w.z., sterk; belangrijk) is deze persoon?' WHERE id=411;
UPDATE exp SET res_name='PSA_NL_Emo_2', name='beoordelen van emotionele stabiliteit', instructions='Je krijgt 120 gezichten te zien. Geef aan hoe emotioneel stabiel je denkt dat elke persoon is door op de knop boven het gezicht te klikken die het beste overeenkomt met jouw oordeel.', question = 'Hoe emotioneel stabiel (d.w.z., niet onderhevig aan emotionele instabiliteit of ziekte; bij je volle verstand; geestelijk gezond) is deze persoon?' WHERE id=412;
UPDATE exp SET res_name='PSA_NL_Unh_2', name='beoordelen van ongelukkigheid', instructions='Je krijgt 120 gezichten te zien. Geef aan hoe ongelukkig je denkt dat elke persoon is door op de knop boven het gezicht te klikken die het beste overeenkomt met jouw oordeel.', question = 'Hoe ongelukkig (d.w.z., niet opgewekt; verdrietig of depressief) is deze persoon?' WHERE id=413;
UPDATE exp SET res_name='PSA_NL_Int_2', name='beoordelen van intelligentie', instructions='Je krijgt 120 gezichten te zien. Geef aan hoe intelligent je denkt dat elke persoon is door op de knop boven het gezicht te klikken die het beste overeenkomt met jouw oordeel.', question = 'Hoe intelligent (d.w.z., een goed begrip of een hoge mentale capaciteit hebben) is deze persoon?' WHERE id=414;
UPDATE exp SET res_name='PSA_NL_Mea_2', name='beoordelen van gemeenheid', instructions='Je krijgt 120 gezichten te zien. Geef aan hoe gemeen je denkt dat elke persoon is door op de knop boven het gezicht te klikken die het beste overeenkomt met jouw oordeel.', question = 'Hoe gemeen (d.w.z., beledigend, zelfzuchtig, niet tegemoetkomend; naar, kwaadaardig) is deze persoon?' WHERE id=415;
UPDATE exp SET res_name='PSA_NL_Res_2', name='beoordelen van verantwoordelijkheid', instructions='Je krijgt 120 gezichten te zien. Geef aan hoe verantwoordelijk je denkt dat elke persoon is door op de knop boven het gezicht te klikken die het beste overeenkomt met jouw oordeel.', question = 'Hoe verantwoordelijk (d.w.z., rationele beslissingen kunnen nemen zonder begeleiding; aansprakelijk zijn voor je eigen handelingen) is deze persoon?' WHERE id=416;
UPDATE exp SET res_name='PSA_NL_Soc_2', name='beoordelen van gemoedelijkheid', instructions='Je krijgt 120 gezichten te zien. Geef aan hoe sociabel je denkt dat elke persoon is door op de knop boven het gezicht te klikken die het beste overeenkomt met jouw oordeel.', question = 'Hoe sociabel (d.w.z., vriendelijk of prettig in de omgang, gezellig) is deze persoon?' WHERE id=417;
UPDATE exp SET res_name='PSA_NL_Tru_2', name='beoordelen van betrouwbaarheid', instructions='Je krijgt 120 gezichten te zien. Geef aan hoe vertrouwenswaardig je denkt dat elke persoon is door op de knop boven het gezicht te klikken die het beste overeenkomt met jouw oordeel.', question = 'Hoe vertrouwenswaardig (d.w.z., betrouwbaar, geloofwaardig) is deze persoon?' WHERE id=418;
UPDATE exp SET res_name='PSA_NL_Wei_2', name='beoordelen van vreemdheid', instructions='Je krijgt 120 gezichten te zien. Geef aan hoe vreemd je denkt dat elke persoon is door op de knop boven het gezicht te klikken die het beste overeenkomt met jouw oordeel.', question = 'Hoe vreemd (d.w.z., raar of bizar) is deze persoon?' WHERE id=419;
UPDATE exp SET res_name='PSA_NL_Old_2', name='beoordelen van leeftijd', instructions='Je krijgt 120 gezichten te zien. Geef aan hoe oud je denkt dat elke persoon is door op de knop boven het gezicht te klikken die het beste overeenkomt met jouw oordeel.', question = 'Hoe oud (d.w.z., een hogere leeftijd hebben, niet jong) is deze persoon?' WHERE id=420;

REPLACE INTO set_items (set_id, item_type, item_id, item_n) VALUES 
(225, 'exp', 393, 1),
(226, 'exp', 394, 1),
(227, 'exp', 395, 1),
(228, 'exp', 396, 1),
(229, 'exp', 397, 1),
(230, 'exp', 398, 1),
(231, 'exp', 399, 1),
(232, 'exp', 400, 1),
(233, 'exp', 401, 1),
(234, 'exp', 402, 1),
(235, 'exp', 403, 1),
(236, 'exp', 404, 1),
(237, 'exp', 405, 1),
(238, 'exp', 406, 1),
(225, 'exp', 407, 2),
(226, 'exp', 408, 2),
(227, 'exp', 409, 2),
(228, 'exp', 410, 2),
(229, 'exp', 411, 2),
(230, 'exp', 412, 2),
(231, 'exp', 413, 2),
(232, 'exp', 414, 2),
(233, 'exp', 415, 2),
(234, 'exp', 416, 2),
(235, 'exp', 417, 2),
(236, 'exp', 418, 2),
(237, 'exp', 419, 2),
(238, 'exp', 420, 2),
(239, 'set', 225, 1),
(239, 'set', 226, 2),
(239, 'set', 227, 3),
(239, 'set', 228, 4),
(239, 'set', 229, 5),
(239, 'set', 230, 6),
(239, 'set', 231, 7),
(239, 'set', 232, 8),
(239, 'set', 233, 9),
(239, 'set', 234, 10),
(239, 'set', 235, 11),
(239, 'set', 236, 12),
(239, 'set', 237, 13),
(239, 'set', 238, 14),
(240, 'set', 239, 1);

REPLACE INTO access (type, id, user_id) VALUES
('exp', 393, 1),
('exp', 394, 1),
('exp', 395, 1),
('exp', 396, 1),
('exp', 397, 1),
('exp', 398, 1),
('exp', 399, 1),
('exp', 400, 1),
('exp', 401, 1),
('exp', 402, 1),
('exp', 403, 1),
('exp', 404, 1),
('exp', 405, 1),
('exp', 406, 1),
('exp', 407, 1),
('exp', 408, 1),
('exp', 409, 1),
('exp', 410, 1),
('exp', 411, 1),
('exp', 412, 1),
('exp', 413, 1),
('exp', 414, 1),
('exp', 415, 1),
('exp', 416, 1),
('exp', 417, 1),
('exp', 418, 1),
('exp', 419, 1),
('exp', 420, 1),
('sets', 225, 1),
('sets', 226, 1),
('sets', 227, 1),
('sets', 228, 1),
('sets', 229, 1),
('sets', 230, 1),
('sets', 231, 1),
('sets', 232, 1),
('sets', 233, 1),
('sets', 234, 1),
('sets', 235, 1),
('sets', 236, 1),
('sets', 237, 1),
('sets', 238, 1),
('sets', 239, 1),
('sets', 240, 1);

REPLACE INTO sets (res_name, name, id, create_date, type) VALUES 
('PSA1_NL_Agg', 'beoordelen van agressiviteit' ,225, NOW(), 'fixed'),
('PSA1_NL_Att', 'beoordelen van aantrekkelijkheid' ,226, NOW(), 'fixed'),
('PSA1_NL_Car', 'beoordelen van zorgzaamheid' ,227, NOW(), 'fixed'),
('PSA1_NL_Con', 'beoordelen van zelfverzekerdheid' ,228, NOW(), 'fixed'),
('PSA1_NL_Dom', 'beoordelen van dominantie' ,229, NOW(), 'fixed'),
('PSA1_NL_Emo', 'beoordelen van emotionele stabiliteit' ,230, NOW(), 'fixed'),
('PSA1_NL_Unh', 'beoordelen van ongelukkigheid' ,231, NOW(), 'fixed'),
('PSA1_NL_Int', 'beoordelen van intelligentie' ,232, NOW(), 'fixed'),
('PSA1_NL_Mea', 'beoordelen van gemeenheid' ,233, NOW(), 'fixed'),
('PSA1_NL_Res', 'beoordelen van verantwoordelijkheid' ,234, NOW(), 'fixed'),
('PSA1_NL_Soc', 'beoordelen van gemoedelijkheid' ,235, NOW(), 'fixed'),
('PSA1_NL_Tru', 'beoordelen van betrouwbaarheid' ,236, NOW(), 'fixed'),
('PSA1_NL_Wei', 'beoordelen van vreemdheid' ,237, NOW(), 'fixed'),
('PSA1_NL_Old', 'beoordelen van leeftijd' ,238, NOW(), 'fixed'),
('PSA_NL_Ratings', 'Ratings' ,239, NOW(), 'one_random'),
('PSA1_NL', 'Begin de studie' ,240, NOW(), 'fixed');

REPLACE INTO project (id, res_name, name, url, blurb, create_date) VALUES
(139, 'PSA1_NL_test', 'Begin de studie (NL_test)','psa1_NL_test', 'PSA1 Study: NL_test', NOW() ),
(140, 'PSA1_NL_BEL_003', 'Begin de studie (BEL_003)','psa1_BEL_003', 'PSA1 Study: BEL_003', NOW() ),
(141, 'PSA1_NL_NED_009', 'Begin de studie (NED_009)','psa1_NED_009', 'PSA1 Study: NED_009', NOW() );

REPLACE INTO project_items VALUES 
(139, 'set', 240, 1, NULL),
(140, 'set', 240, 1, NULL),
(141, 'set', 240, 1, NULL);

REPLACE INTO access (type, id, user_id) VALUES
('project', 139, 1),
('project', 140, 1),
('project', 141, 1);

UPDATE project SET intro='In deze studie zal je gevraagd worden een zeer korte vragenlijst in te vullen die informatie verzamelt over, bijvoorbeeld, je leeftijd. Daarna zal je gevraagd worden om 120 gezichten te beoordelen op een bepaalde eigenschap. Nadat je dat gedaan hebt, zal je gevraagd worden om diezelfde gezichten nogmaals te beoordelen op dezelfde eigenschap. Klik alsjeblieft op de onderstaande knop om toestemming te geven en de studie te beginnen.' WHERE id >=139 AND id <=141;
UPDATE sets SET feedback_general = 'De studie is nu klaar. Geeft dit aan bij de testleider.' WHERE id = 240;
