UPDATE exp SET res_name='PSA1_POL_Agg_1', name='Ocena agresywności', instructions='Zobaczysz 120 twarze. Oceń proszę, jak agresywna jest według Ciebie każda osoba. Odpowiadaj klikając przycisk znajdujący się powyżej twarzy, która najlepiej odpowiada Twojej ocenie.', question = 'Jak agresywna (tzn. skłonna do wrogiego zachowania) jest ta osoba?' WHERE id=197;
UPDATE exp SET res_name='PSA1_POL_Att_1', name='Ocena atrakcyjności', instructions='Zobaczysz 120 twarze. Oceń proszę, jak atrakcyjna jest według Ciebie każda osoba. Odpowiadaj klikając przycisk znajdujący się powyżej twarzy, która najlepiej odpowiada Twojej ocenie.', question = 'Jak atrakcyjna (tzn. postrzegana jako piękna pod względem urody, kształtu twarzy, charakteru, itp.) jest ta osoba?' WHERE id=198;
UPDATE exp SET res_name='PSA1_POL_Car_1', name='Ocena troskliwości', instructions='Zobaczysz 120 twarze. Oceń proszę, jak troskliwa jest według Ciebie każda osoba. Odpowiadaj klikając przycisk znajdujący się powyżej twarzy, która najlepiej odpowiada Twojej ocenie.', question = 'Jak troskliwa (np. odczuwająca lub okazująca współczucie) jest ta osoba?' WHERE id=199;
UPDATE exp SET res_name='PSA1_POL_Con_1', name='Ocena pewności siebie', instructions='Zobaczysz 120 twarze. Oceń proszę, jak pewna siebie jest według Ciebie każda osoba. Odpowiadaj klikając przycisk znajdujący się powyżej twarzy, która najlepiej odpowiada Twojej ocenie.', question = 'Jak pewna siebie (tzn. znająca swoją wartość; niewątpiąca we własne umiejętności) jest ta osoba?' WHERE id=200;
UPDATE exp SET res_name='PSA1_POL_Dom_1', name='Ocena dominacji', instructions='Zobaczysz 120 twarze. Oceń proszę, jak dominująca jest według Ciebie każda osoba. Odpowiadaj klikając przycisk znajdujący się powyżej twarzy, która najlepiej odpowiada Twojej ocenie.', question = 'Jak dominująca (tzn. ważna; wpływowa) jest ta osoba?' WHERE id=201;
UPDATE exp SET res_name='PSA1_POL_Emo_1', name='Ocena stabilności emocjonalnej', instructions='Zobaczysz 120 twarze. Oceń proszę, jak stabilna emocjonalnie jest według Ciebie każda osoba. Odpowiadaj klikając przycisk znajdujący się powyżej twarzy, która najlepiej odpowiada Twojej ocenie.', question = 'Jak stabilna emocjonalnie (tzn. niechwiejna, niepodatna na zaburzenia emocjonalne; o zdrowych zmysłach; zdrowa psychicznie) jest ta osoba?' WHERE id=202;
UPDATE exp SET res_name='PSA1_POL_Unh_1', name='Ocena poczucia nieszczęścia', instructions='Zobaczysz 120 twarze. Oceń proszę, jak nieszczęśliwa jest według Ciebie każda osoba. Odpowiadaj klikając przycisk znajdujący się powyżej twarzy, która najlepiej odpowiada Twojej ocenie.', question = 'Jak nieszczęśliwa (tzn. pozbawiona radości; smutna lub przygnębiona) jest ta osoba?' WHERE id=203;
UPDATE exp SET res_name='PSA1_POL_Int_1', name='Ocen inteligencji', instructions='Zobaczysz 120 twarze. Oceń proszę, jak inteligentna jest według Ciebie każda osoba. Odpowiadaj klikając przycisk znajdujący się powyżej twarzy, która najlepiej odpowiada Twojej ocenie.', question = 'Jak inteligentna (tzn. posiadająca duże zdolności wnioskowania i wysokie zdolności umysłowe) jest ta osoba?' WHERE id=204;
UPDATE exp SET res_name='PSA1_POL_Mea_1', name='Ocena wredności', instructions='Zobaczysz 120 twarze. Oceń proszę, jak wredna jest według Ciebie każda osoba. Odpowiadaj klikając przycisk znajdujący się powyżej twarzy, która najlepiej odpowiada Twojej ocenie.', question = 'Jak wredna (tzn. napastliwa, samolubna, lub nieuczynna; nieprzyjemna; złośliwa) jest ta osoba?' WHERE id=205;
UPDATE exp SET res_name='PSA1_POL_Res_1', name='Ocena odpowiedzialności', instructions='Zobaczysz 120 twarze. Oceń proszę, jak odpowiedzialna jest według Ciebie każda osoba. Odpowiadaj klikając przycisk znajdujący się powyżej twarzy, która najlepiej odpowiada Twojej ocenie.', question = 'Jak odpowiedzialna (tzn. zdolna do podejmowania samodzielnych racjonalnych decyzji; gotowa do ponoszenia konsekwencji własnego postępowania) jest ta osoba?' WHERE id=206;
UPDATE exp SET res_name='PSA1_POL_Soc_1', name='Ocena towarzyskości', instructions='Zobaczysz 120 twarze. Oceń proszę, jak towarzyska jest według Ciebie każda osoba. Odpowiadaj klikając przycisk znajdujący się powyżej twarzy, która najlepiej odpowiada Twojej ocenie.', question = 'Jak towarzyska (np. życzliwa lub zgodna w grupie; przyjacielska) jest ta osoba?' WHERE id=207;
UPDATE exp SET res_name='PSA1_POL_Tru_1', name='Ocena wiarygodności', instructions='Zobaczysz 120 twarze. Oceń proszę, jak godna zaufania jest według Ciebie każda osoba. Odpowiadaj klikając przycisk znajdujący się powyżej twarzy, która najlepiej odpowiada Twojej ocenie.', question = 'Jak wiarygodna (tzn. godna zaufania; niezawodna; solidna) jest ta osoba?' WHERE id=208;
UPDATE exp SET res_name='PSA1_POL_Wei_1', name='Ocena dziwaczności', instructions='Zobaczysz 120 twarze. Oceń proszę, jak dziwaczna jest według Ciebie każda osoba. Odpowiadaj klikając przycisk znajdujący się powyżej twarzy, która najlepiej odpowiada Twojej ocenie.', question = 'Jak dziwaczna (tzn. dziwna, cudaczna, nietypowa) jest ta osoba?' WHERE id=209;
UPDATE exp SET res_name='PSA1_POL_Old_1', name='Ocena starości', instructions='Zobaczysz 120 twarze. Oceń proszę, ile lat ma według Ciebie każda osoba. Odpowiadaj klikając przycisk znajdujący się powyżej twarzy, która najlepiej odpowiada Twojej ocenie.', question = 'Jak stara (tzn. w  podeszłym wieku; niemłoda) jest ta osoba?' WHERE id=210;
UPDATE exp SET res_name='PSA1_POL_Agg_2', name='Ocena agresywności', instructions='Zobaczysz 120 twarze. Oceń proszę, jak agresywna jest według Ciebie każda osoba. Odpowiadaj klikając przycisk znajdujący się powyżej twarzy, która najlepiej odpowiada Twojej ocenie.', question = 'Jak agresywna (tzn. skłonna do wrogiego zachowania) jest ta osoba?' WHERE id=211;
UPDATE exp SET res_name='PSA1_POL_Att_2', name='Ocena atrakcyjności', instructions='Zobaczysz 120 twarze. Oceń proszę, jak atrakcyjna jest według Ciebie każda osoba. Odpowiadaj klikając przycisk znajdujący się powyżej twarzy, która najlepiej odpowiada Twojej ocenie.', question = 'Jak atrakcyjna (tzn. postrzegana jako piękna pod względem urody, kształtu twarzy, charakteru, itp.) jest ta osoba?' WHERE id=212;
UPDATE exp SET res_name='PSA1_POL_Car_2', name='Ocena troskliwości', instructions='Zobaczysz 120 twarze. Oceń proszę, jak troskliwa jest według Ciebie każda osoba. Odpowiadaj klikając przycisk znajdujący się powyżej twarzy, która najlepiej odpowiada Twojej ocenie.', question = 'Jak troskliwa (np. odczuwająca lub okazująca współczucie) jest ta osoba?' WHERE id=213;
UPDATE exp SET res_name='PSA1_POL_Con_2', name='Ocena pewności siebie', instructions='Zobaczysz 120 twarze. Oceń proszę, jak pewna siebie jest według Ciebie każda osoba. Odpowiadaj klikając przycisk znajdujący się powyżej twarzy, która najlepiej odpowiada Twojej ocenie.', question = 'Jak pewna siebie (tzn. znająca swoją wartość; niewątpiąca we własne umiejętności) jest ta osoba?' WHERE id=214;
UPDATE exp SET res_name='PSA1_POL_Dom_2', name='Ocena dominacji', instructions='Zobaczysz 120 twarze. Oceń proszę, jak dominująca jest według Ciebie każda osoba. Odpowiadaj klikając przycisk znajdujący się powyżej twarzy, która najlepiej odpowiada Twojej ocenie.', question = 'Jak dominująca (tzn. ważna; wpływowa) jest ta osoba?' WHERE id=215;
UPDATE exp SET res_name='PSA1_POL_Emo_2', name='Ocena stabilności emocjonalnej', instructions='Zobaczysz 120 twarze. Oceń proszę, jak stabilna emocjonalnie jest według Ciebie każda osoba. Odpowiadaj klikając przycisk znajdujący się powyżej twarzy, która najlepiej odpowiada Twojej ocenie.', question = 'Jak stabilna emocjonalnie (tzn. niechwiejna, niepodatna na zaburzenia emocjonalne; o zdrowych zmysłach; zdrowa psychicznie) jest ta osoba?' WHERE id=216;
UPDATE exp SET res_name='PSA1_POL_Unh_2', name='Ocena poczucia nieszczęścia', instructions='Zobaczysz 120 twarze. Oceń proszę, jak nieszczęśliwa jest według Ciebie każda osoba. Odpowiadaj klikając przycisk znajdujący się powyżej twarzy, która najlepiej odpowiada Twojej ocenie.', question = 'Jak nieszczęśliwa (tzn. pozbawiona radości; smutna lub przygnębiona) jest ta osoba?' WHERE id=217;
UPDATE exp SET res_name='PSA1_POL_Int_2', name='Ocen inteligencji', instructions='Zobaczysz 120 twarze. Oceń proszę, jak inteligentna jest według Ciebie każda osoba. Odpowiadaj klikając przycisk znajdujący się powyżej twarzy, która najlepiej odpowiada Twojej ocenie.', question = 'Jak inteligentna (tzn. posiadająca duże zdolności wnioskowania i wysokie zdolności umysłowe) jest ta osoba?' WHERE id=218;
UPDATE exp SET res_name='PSA1_POL_Mea_2', name='Ocena wredności', instructions='Zobaczysz 120 twarze. Oceń proszę, jak wredna jest według Ciebie każda osoba. Odpowiadaj klikając przycisk znajdujący się powyżej twarzy, która najlepiej odpowiada Twojej ocenie.', question = 'Jak wredna (tzn. napastliwa, samolubna, lub nieuczynna; nieprzyjemna; złośliwa) jest ta osoba?' WHERE id=219;
UPDATE exp SET res_name='PSA1_POL_Res_2', name='Ocena odpowiedzialności', instructions='Zobaczysz 120 twarze. Oceń proszę, jak odpowiedzialna jest według Ciebie każda osoba. Odpowiadaj klikając przycisk znajdujący się powyżej twarzy, która najlepiej odpowiada Twojej ocenie.', question = 'Jak odpowiedzialna (tzn. zdolna do podejmowania samodzielnych racjonalnych decyzji; gotowa do ponoszenia konsekwencji własnego postępowania) jest ta osoba?' WHERE id=220;
UPDATE exp SET res_name='PSA1_POL_Soc_2', name='Ocena towarzyskości', instructions='Zobaczysz 120 twarze. Oceń proszę, jak towarzyska jest według Ciebie każda osoba. Odpowiadaj klikając przycisk znajdujący się powyżej twarzy, która najlepiej odpowiada Twojej ocenie.', question = 'Jak towarzyska (np. życzliwa lub zgodna w grupie; przyjacielska) jest ta osoba?' WHERE id=221;
UPDATE exp SET res_name='PSA1_POL_Tru_2', name='Ocena wiarygodności', instructions='Zobaczysz 120 twarze. Oceń proszę, jak godna zaufania jest według Ciebie każda osoba. Odpowiadaj klikając przycisk znajdujący się powyżej twarzy, która najlepiej odpowiada Twojej ocenie.', question = 'Jak wiarygodna (tzn. godna zaufania; niezawodna; solidna) jest ta osoba?' WHERE id=222;
UPDATE exp SET res_name='PSA1_POL_Wei_2', name='Ocena dziwaczności', instructions='Zobaczysz 120 twarze. Oceń proszę, jak dziwaczna jest według Ciebie każda osoba. Odpowiadaj klikając przycisk znajdujący się powyżej twarzy, która najlepiej odpowiada Twojej ocenie.', question = 'Jak dziwaczna (tzn. dziwna, cudaczna, nietypowa) jest ta osoba?' WHERE id=223;
UPDATE exp SET res_name='PSA1_POL_Old_2', name='Ocena starości', instructions='Zobaczysz 120 twarze. Oceń proszę, ile lat ma według Ciebie każda osoba. Odpowiadaj klikając przycisk znajdujący się powyżej twarzy, która najlepiej odpowiada Twojej ocenie.', question = 'Jak stara (tzn. w  podeszłym wieku; niemłoda) jest ta osoba?' WHERE id=224;

REPLACE INTO set_items (set_id, item_type, item_id, item_n) VALUES 
(113, 'exp', 197, 1),
(114, 'exp', 198, 1),
(115, 'exp', 199, 1),
(116, 'exp', 200, 1),
(117, 'exp', 201, 1),
(118, 'exp', 202, 1),
(119, 'exp', 203, 1),
(120, 'exp', 204, 1),
(121, 'exp', 205, 1),
(122, 'exp', 206, 1),
(123, 'exp', 207, 1),
(124, 'exp', 208, 1),
(125, 'exp', 209, 1),
(126, 'exp', 210, 1),
(113, 'exp', 211, 2),
(114, 'exp', 212, 2),
(115, 'exp', 213, 2),
(116, 'exp', 214, 2),
(117, 'exp', 215, 2),
(118, 'exp', 216, 2),
(119, 'exp', 217, 2),
(120, 'exp', 218, 2),
(121, 'exp', 219, 2),
(122, 'exp', 220, 2),
(123, 'exp', 221, 2),
(124, 'exp', 222, 2),
(125, 'exp', 223, 2),
(126, 'exp', 224, 2),
(127, 'set', 113, 1),
(127, 'set', 114, 2),
(127, 'set', 115, 3),
(127, 'set', 116, 4),
(127, 'set', 117, 5),
(127, 'set', 118, 6),
(127, 'set', 119, 7),
(127, 'set', 120, 8),
(127, 'set', 121, 9),
(127, 'set', 122, 10),
(127, 'set', 123, 11),
(127, 'set', 124, 12),
(127, 'set', 125, 13),
(127, 'set', 126, 14),
(128, 'set', 127, 1);

REPLACE INTO access (type, id, user_id) VALUES
('exp', 197, 1),
('exp', 198, 1),
('exp', 199, 1),
('exp', 200, 1),
('exp', 201, 1),
('exp', 202, 1),
('exp', 203, 1),
('exp', 204, 1),
('exp', 205, 1),
('exp', 206, 1),
('exp', 207, 1),
('exp', 208, 1),
('exp', 209, 1),
('exp', 210, 1),
('exp', 211, 1),
('exp', 212, 1),
('exp', 213, 1),
('exp', 214, 1),
('exp', 215, 1),
('exp', 216, 1),
('exp', 217, 1),
('exp', 218, 1),
('exp', 219, 1),
('exp', 220, 1),
('exp', 221, 1),
('exp', 222, 1),
('exp', 223, 1),
('exp', 224, 1),
('sets', 113, 1),
('sets', 114, 1),
('sets', 115, 1),
('sets', 116, 1),
('sets', 117, 1),
('sets', 118, 1),
('sets', 119, 1),
('sets', 120, 1),
('sets', 121, 1),
('sets', 122, 1),
('sets', 123, 1),
('sets', 124, 1),
('sets', 125, 1),
('sets', 126, 1),
('sets', 127, 1),
('sets', 128, 1);

REPLACE INTO sets (res_name, name, id, create_date, type) VALUES 
('PSA1_POL_Agg', 'Ocena agresywności' ,113, NOW(), 'fixed'),
('PSA1_POL_Att', 'Ocena atrakcyjności' ,114, NOW(), 'fixed'),
('PSA1_POL_Car', 'Ocena troskliwości' ,115, NOW(), 'fixed'),
('PSA1_POL_Con', 'Ocena pewności siebie' ,116, NOW(), 'fixed'),
('PSA1_POL_Dom', 'Ocena dominacji' ,117, NOW(), 'fixed'),
('PSA1_POL_Emo', 'Ocena stabilności emocjonalnej' ,118, NOW(), 'fixed'),
('PSA1_POL_Unh', 'Ocena poczucia nieszczęścia' ,119, NOW(), 'fixed'),
('PSA1_POL_Int', 'Ocen inteligencji' ,120, NOW(), 'fixed'),
('PSA1_POL_Mea', 'Ocena wredności' ,121, NOW(), 'fixed'),
('PSA1_POL_Res', 'Ocena odpowiedzialności' ,122, NOW(), 'fixed'),
('PSA1_POL_Soc', 'Ocena towarzyskości' ,123, NOW(), 'fixed'),
('PSA1_POL_Tru', 'Ocena wiarygodności' ,124, NOW(), 'fixed'),
('PSA1_POL_Wei', 'Ocena dziwaczności' ,125, NOW(), 'fixed'),
('PSA1_POL_Old', 'Ocena starości' ,126, NOW(), 'fixed'),
('PSA1_POL_Ratings', 'Ratings' ,127, NOW(), 'one_random'),
('PSA1_POL', 'Badanie spostrzegania twarzy' ,128, NOW(), 'fixed');

REPLACE INTO project (id, res_name, name, url, blurb, create_date) VALUES
(109, 'PSA1_POL_test', 'Badanie spostrzegania twarzy (POL_test)','psa1_POL_test', 'PSA1 Study: POL_test', NOW() ),
(110, 'PSA1_POL_POL_001', 'Badanie spostrzegania twarzy (POL_001)','psa1_POL_001', 'PSA1 Study: POL_001', NOW() );

REPLACE INTO project_items VALUES 
(109, 'set', 128, 1, NULL),
(110, 'set', 128, 1, NULL);

REPLACE INTO access (type, id, user_id) VALUES
('project', 109, 1),
('project', 110, 1);

UPDATE project SET intro="W badaniu będziesz proszona/proszony o wypełnienie krótkiej ankiety na swój temat (np. swojego wieku). Następnie rozpoczniesz oceniać 120 twarzy pod względem określonej cechy. Po wykonaniu tego zadania, będziesz oceniać te same twarze jeszcze raz pod wzgędem tej samej cechy. Kliknij przycisk poniżej, aby wyrazić zgodzę na udział w badaniu i je rozpocząć." WHERE id >=109 AND id <=110;