UPDATE exp SET res_name='PSA1_SPA_Agg_1', name='Califique agresividad', instructions='Va a ver 120 caras. Por favor indique qué tan agresiva cree que es cada persona haciendo click en el botón arriba del rostro que mejor represente su opinión.', question = '¿Qué tan agresiva (es decir, que tiende a comportarse de manera hostil) cree que es esta persona?' WHERE id=141;
UPDATE exp SET res_name='PSA1_SPA_Att_1', name='Califique atractivo', instructions='Va a ver 120 caras. Por favor indique qué tan atractiva cree que es cada persona haciendo click en el botón arriba del rostro que mejor represente su opinión.', question = '¿Qué tan atractiva (es decir, que atrae a los sentidos a través de la belleza, la forma, el carácter, etc.) cree que es esta persona?' WHERE id=142;
UPDATE exp SET res_name='PSA1_SPA_Car_1', name='Califique compasión', instructions='Va a ver 120 caras. Por favor indique qué tan compasivo/a cree que es cada persona haciendo click en el botón arriba del rostro que mejor represente su opinión.', question = '¿Qué tan compasivo/a (es decir, que sienta o muestre compasión) cree que es esta persona?' WHERE id=143;
UPDATE exp SET res_name='PSA1_SPA_Con_1', name='Califique autoconfianza', instructions='Va a ver 120 caras. Por favor indique qué tan segura de sí misma cree que es cada persona haciendo click en el botón arriba del rostro que mejor represente su opinión.', question = '¿Qué tan segura (es decir, segura de sí misma; sin dudas de sus propias habilidades) cree que es esta persona?' WHERE id=144;
UPDATE exp SET res_name='PSA1_SPA_Dom_1', name='Califique dominancia', instructions='Va a ver 120 caras. Por favor indique qué tan dominante cree que es cada persona haciendo click en el botón arriba del rostro que mejor represente su opinión.', question = '¿Qué tan dominante (es decir, fuerte; importante) cree que es esta persona?' WHERE id=145;
UPDATE exp SET res_name='PSA1_SPA_Emo_1', name='Califique estabilidad emocional', instructions='Va a ver 120 caras. Por favor indique qué tan estable emocionalmente cree que es cada persona haciendo click en el botón arriba del rostro que mejor represente su opinión.', question = '¿Qué tan emocionalmente estable (es decir, sin inestabilidad o enfermedad emocional; cuerda; mentalmente sana) cree que es esta persona?' WHERE id=146;
UPDATE exp SET res_name='PSA1_SPA_Unh_1', name='Califique infelicidad', instructions='Va a ver 120 caras. Por favor indique qué tan infeliz cree que es cada persona haciendo click en el botón arriba del rostro que mejor represente su opinión.', question = '¿Qué tan infeliz (es decir, sin alegría, triste o deprimida) cree que es esta persona?' WHERE id=147;
UPDATE exp SET res_name='PSA1_SPA_Int_1', name='Califique inteligencia', instructions='Va a ver 120 caras. Por favor indique qué tan inteligente cree que es cada persona haciendo click en el botón arriba del rostro que mejor represente su opinión.', question = '¿Qué tan inteligente (es decir, que tenga una buena compresión o una gran capacidad mental) es esta persona?' WHERE id=148;
UPDATE exp SET res_name='PSA1_SPA_Mea_1', name='Califique maldad', instructions='Va a ver 120 caras. Por favor indique qué tan mala cree que es cada persona haciendo click en el botón arriba del rostro que mejor represente su opinión.', question = '¿Qué tan mala (es decir, ofensiva, egoísta o desadaptada; malévola; maliciosa) cree que es esta persona?' WHERE id=149;
UPDATE exp SET res_name='PSA1_SPA_Res_1', name='Califique responsabilidad', instructions='Va a ver 120 caras. Por favor indique qué tan responsable cree que es cada persona haciendo click en el botón arriba del rostro que mejor represente su opinión.', question = '¿Qué tan responsable (es decir, capaz de tomar decisiones racionales sin supervisión, que se hace cargo de sus actos) cree que es esta persona?' WHERE id=150;
UPDATE exp SET res_name='PSA1_SPA_Soc_1', name='Califique sociabilidad', instructions='Va a ver 120 caras. Por favor indique qué tan sociable cree que es cada persona haciendo click en el botón arriba del rostro que mejor represente su opinión.', question = '¿Qué tan sociable (es decir, amigable o agradable en compañía de otros) cree que es esta persona?' WHERE id=151;
UPDATE exp SET res_name='PSA1_SPA_Tru_1', name='Califique confiabilidad', instructions='Va a ver 120 caras. Por favor indique qué tan confiable cree que es cada persona haciendo click en el botón arriba del rostro que mejor represente su opinión.', question = '¿Qué tan confiable (es decir, digna de confianza; fiable) cree que es esta persona?' WHERE id=152;
UPDATE exp SET res_name='PSA1_SPA_Wei_1', name='Califique rareza', instructions='Va a ver 120 caras. Por favor indique qué tan rara cree que es cada persona haciendo click en el botón arriba del rostro que mejor represente su opinión.', question = '¿Qué tan rara (es decir, extraña o peculiar) cree que es esta persona?' WHERE id=153;
UPDATE exp SET res_name='PSA1_SPA_Old_1', name='Califique edad', instructions='Va a ver 120 caras. Por favor indique qué tan mayor le parece cada persona haciendo click en el botón arriba del rostro que mejor represente su opinión.', question = '¿Qué tan mayor (es decir, vieja, de mayor edad, no joven) cree que es esta persona?' WHERE id=154;
UPDATE exp SET res_name='PSA1_SPA_Agg_2', name='Califique agresividad', instructions='Va a ver 120 caras. Por favor indique qué tan agresiva cree que es cada persona haciendo click en el botón arriba del rostro que mejor represente su opinión.', question = '¿Qué tan agresiva (es decir, que tiende a comportarse de manera hostil) cree que es esta persona?' WHERE id=155;
UPDATE exp SET res_name='PSA1_SPA_Att_2', name='Califique atractivo', instructions='Va a ver 120 caras. Por favor indique qué tan atractiva cree que es cada persona haciendo click en el botón arriba del rostro que mejor represente su opinión.', question = '¿Qué tan atractiva (es decir, que atrae a los sentidos a través de la belleza, la forma, el carácter, etc.) cree que es esta persona?' WHERE id=156;
UPDATE exp SET res_name='PSA1_SPA_Car_2', name='Califique compasión', instructions='Va a ver 120 caras. Por favor indique qué tan compasivo/a cree que es cada persona haciendo click en el botón arriba del rostro que mejor represente su opinión.', question = '¿Qué tan compasivo/a (es decir, que sienta o muestre compasión) cree que es esta persona?' WHERE id=157;
UPDATE exp SET res_name='PSA1_SPA_Con_2', name='Califique autoconfianza', instructions='Va a ver 120 caras. Por favor indique qué tan segura de sí misma cree que es cada persona haciendo click en el botón arriba del rostro que mejor represente su opinión.', question = '¿Qué tan segura (es decir, segura de sí misma; sin dudas de sus propias habilidades) cree que es esta persona?' WHERE id=158;
UPDATE exp SET res_name='PSA1_SPA_Dom_2', name='Califique dominancia', instructions='Va a ver 120 caras. Por favor indique qué tan dominante cree que es cada persona haciendo click en el botón arriba del rostro que mejor represente su opinión.', question = '¿Qué tan dominante (es decir, fuerte; importante) cree que es esta persona?' WHERE id=159;
UPDATE exp SET res_name='PSA1_SPA_Emo_2', name='Califique estabilidad emocional', instructions='Va a ver 120 caras. Por favor indique qué tan estable emocionalmente cree que es cada persona haciendo click en el botón arriba del rostro que mejor represente su opinión.', question = '¿Qué tan emocionalmente estable (es decir, sin inestabilidad o enfermedad emocional; cuerda; mentalmente sana) cree que es esta persona?' WHERE id=160;
UPDATE exp SET res_name='PSA1_SPA_Unh_2', name='Califique infelicidad', instructions='Va a ver 120 caras. Por favor indique qué tan infeliz cree que es cada persona haciendo click en el botón arriba del rostro que mejor represente su opinión.', question = '¿Qué tan infeliz (es decir, sin alegría, triste o deprimida) cree que es esta persona?' WHERE id=161;
UPDATE exp SET res_name='PSA1_SPA_Int_2', name='Califique inteligencia', instructions='Va a ver 120 caras. Por favor indique qué tan inteligente cree que es cada persona haciendo click en el botón arriba del rostro que mejor represente su opinión.', question = '¿Qué tan inteligente (es decir, que tenga una buena compresión o una gran capacidad mental) es esta persona?' WHERE id=162;
UPDATE exp SET res_name='PSA1_SPA_Mea_2', name='Califique maldad', instructions='Va a ver 120 caras. Por favor indique qué tan mala cree que es cada persona haciendo click en el botón arriba del rostro que mejor represente su opinión.', question = '¿Qué tan mala (es decir, ofensiva, egoísta o desadaptada; malévola; maliciosa) cree que es esta persona?' WHERE id=163;
UPDATE exp SET res_name='PSA1_SPA_Res_2', name='Califique responsabilidad', instructions='Va a ver 120 caras. Por favor indique qué tan responsable cree que es cada persona haciendo click en el botón arriba del rostro que mejor represente su opinión.', question = '¿Qué tan responsable (es decir, capaz de tomar decisiones racionales sin supervisión, que se hace cargo de sus actos) cree que es esta persona?' WHERE id=164;
UPDATE exp SET res_name='PSA1_SPA_Soc_2', name='Califique sociabilidad', instructions='Va a ver 120 caras. Por favor indique qué tan sociable cree que es cada persona haciendo click en el botón arriba del rostro que mejor represente su opinión.', question = '¿Qué tan sociable (es decir, amigable o agradable en compañía de otros) cree que es esta persona?' WHERE id=165;
UPDATE exp SET res_name='PSA1_SPA_Tru_2', name='Califique confiabilidad', instructions='Va a ver 120 caras. Por favor indique qué tan confiable cree que es cada persona haciendo click en el botón arriba del rostro que mejor represente su opinión.', question = '¿Qué tan confiable (es decir, digna de confianza; fiable) cree que es esta persona?' WHERE id=166;
UPDATE exp SET res_name='PSA1_SPA_Wei_2', name='Califique rareza', instructions='Va a ver 120 caras. Por favor indique qué tan rara cree que es cada persona haciendo click en el botón arriba del rostro que mejor represente su opinión.', question = '¿Qué tan rara (es decir, extraña o peculiar) cree que es esta persona?' WHERE id=167;
UPDATE exp SET res_name='PSA1_SPA_Old_2', name='Califique edad', instructions='Va a ver 120 caras. Por favor indique qué tan mayor le parece cada persona haciendo click en el botón arriba del rostro que mejor represente su opinión.', question = '¿Qué tan mayor (es decir, vieja, de mayor edad, no joven) cree que es esta persona?' WHERE id=168;

REPLACE INTO set_items (set_id, item_type, item_id, item_n) VALUES 
(81, 'exp', 141, 1),
(82, 'exp', 142, 1),
(83, 'exp', 143, 1),
(84, 'exp', 144, 1),
(85, 'exp', 145, 1),
(86, 'exp', 146, 1),
(87, 'exp', 147, 1),
(88, 'exp', 148, 1),
(89, 'exp', 149, 1),
(90, 'exp', 150, 1),
(91, 'exp', 151, 1),
(92, 'exp', 152, 1),
(93, 'exp', 153, 1),
(94, 'exp', 154, 1),
(81, 'exp', 155, 2),
(82, 'exp', 156, 2),
(83, 'exp', 157, 2),
(84, 'exp', 158, 2),
(85, 'exp', 159, 2),
(86, 'exp', 160, 2),
(87, 'exp', 161, 2),
(88, 'exp', 162, 2),
(89, 'exp', 163, 2),
(90, 'exp', 164, 2),
(91, 'exp', 165, 2),
(92, 'exp', 166, 2),
(93, 'exp', 167, 2),
(94, 'exp', 168, 2),
(95, 'set', 81, 1),
(95, 'set', 82, 2),
(95, 'set', 83, 3),
(95, 'set', 84, 4),
(95, 'set', 85, 5),
(95, 'set', 86, 6),
(95, 'set', 87, 7),
(95, 'set', 88, 8),
(95, 'set', 89, 9),
(95, 'set', 90, 10),
(95, 'set', 91, 11),
(95, 'set', 92, 12),
(95, 'set', 93, 13),
(95, 'set', 94, 14),
(96, 'set', 95, 1);

REPLACE INTO access (type, id, user_id) VALUES
('exp', 141, 1),
('exp', 142, 1),
('exp', 143, 1),
('exp', 144, 1),
('exp', 145, 1),
('exp', 146, 1),
('exp', 147, 1),
('exp', 148, 1),
('exp', 149, 1),
('exp', 150, 1),
('exp', 151, 1),
('exp', 152, 1),
('exp', 153, 1),
('exp', 154, 1),
('exp', 155, 1),
('exp', 156, 1),
('exp', 157, 1),
('exp', 158, 1),
('exp', 159, 1),
('exp', 160, 1),
('exp', 161, 1),
('exp', 162, 1),
('exp', 163, 1),
('exp', 164, 1),
('exp', 165, 1),
('exp', 166, 1),
('exp', 167, 1),
('exp', 168, 1),
('sets', 81, 1),
('sets', 82, 1),
('sets', 83, 1),
('sets', 84, 1),
('sets', 85, 1),
('sets', 86, 1),
('sets', 87, 1),
('sets', 88, 1),
('sets', 89, 1),
('sets', 90, 1),
('sets', 91, 1),
('sets', 92, 1),
('sets', 93, 1),
('sets', 94, 1),
('sets', 95, 1),
('sets', 96, 1);

REPLACE INTO sets (res_name, name, id, create_date, type) VALUES 
('PSA1_SPA_Agg', 'Califique agresividad' ,81, NOW(), 'fixed'),
('PSA1_SPA_Att', 'Califique atractivo' ,82, NOW(), 'fixed'),
('PSA1_SPA_Car', 'Califique compasión' ,83, NOW(), 'fixed'),
('PSA1_SPA_Con', 'Califique autoconfianza' ,84, NOW(), 'fixed'),
('PSA1_SPA_Dom', 'Califique dominancia' ,85, NOW(), 'fixed'),
('PSA1_SPA_Emo', 'Califique estabilidad emocional' ,86, NOW(), 'fixed'),
('PSA1_SPA_Unh', 'Califique infelicidad' ,87, NOW(), 'fixed'),
('PSA1_SPA_Int', 'Califique inteligencia' ,88, NOW(), 'fixed'),
('PSA1_SPA_Mea', 'Califique maldad' ,89, NOW(), 'fixed'),
('PSA1_SPA_Res', 'Califique responsabilidad' ,90, NOW(), 'fixed'),
('PSA1_SPA_Soc', 'Califique sociabilidad' ,91, NOW(), 'fixed'),
('PSA1_SPA_Tru', 'Califique confiabilidad' ,92, NOW(), 'fixed'),
('PSA1_SPA_Wei', 'Califique rareza' ,93, NOW(), 'fixed'),
('PSA1_SPA_Old', 'Califique edad' ,94, NOW(), 'fixed'),
('PSA1_SPA_Ratings', 'Ratings' ,95, NOW(), 'one_random'),
('PSA1_SPA', 'Empiece el estudio' ,96, NOW(), 'fixed');

REPLACE INTO project (id, res_name, name, url, blurb, create_date) VALUES
(90, 'PSA1_SPA_test', 'Estudio de rostros (SPA_test)','psa1_SPA_test', 'PSA1 Study: SPA_test', NOW() ),
(91, 'PSA1_SPA_ARG_001', 'Estudio de rostros (ARG_001)','psa1_ARG_001', 'PSA1 Study: ARG_001', NOW() ),
(92, 'PSA1_SPA_CHI_001', 'Estudio de rostros (CHI_001)','psa1_CHI_001', 'PSA1 Study: CHI_001', NOW() ),
(93, 'PSA1_SPA_COL_003', 'Estudio de rostros (COL_003)','psa1_COL_003', 'PSA1 Study: COL_003', NOW() ),
(94, 'PSA1_SPA_COL_004', 'Estudio de rostros (COL_004)','psa1_COL_004', 'PSA1 Study: COL_004', NOW() ),
(95, 'PSA1_SPA_ESA_001', 'Estudio de rostros (ESA_001)','psa1_ESA_001', 'PSA1 Study: ESA_001', NOW() ),
(96, 'PSA1_SPA_ESP_001', 'Estudio de rostros (ESP_001)','psa1_ESP_001', 'PSA1 Study: ESP_001', NOW() ),
(97, 'PSA1_SPA_ESP_003', 'Estudio de rostros (ESP_003)','psa1_ESP_003', 'PSA1 Study: ESP_003', NOW() ),
(98, 'PSA1_SPA_ESP_005', 'Estudio de rostros (ESP_005)','psa1_ESP_005', 'PSA1 Study: ESP_005', NOW() ),
(99, 'PSA1_SPA_ESP_006', 'Estudio de rostros (ESP_006)','psa1_ESP_006', 'PSA1 Study: ESP_006', NOW() ),
(100, 'PSA1_SPA_MEX_002', 'Estudio de rostros (MEX_002)','psa1_MEX_002', 'PSA1 Study: MEX_002', NOW() ),
(101, 'PSA1_SPA_PER_001', 'Estudio de rostros (PER_001)','psa1_PER_001', 'PSA1 Study: PER_001', NOW() ),
(102, 'PSA1_SPA_UK_026', 'Estudio de rostros (UK_026)','psa1_UK_026', 'PSA1 Study: UK_026', NOW() ),
(103, 'PSA1_SPA_ECU_001', 'Estudio de rostros (ECU_001)','psa1_ECU_001', 'PSA1 Study: ECU_001', NOW() ),
(104, 'PSA1_SPA_CHI_005', 'Estudio de rostros (CHI_005)','psa1_CHI_005', 'PSA1 Study: CHI_005', NOW() ),
(105, 'PSA1_SPA_CHI_004', 'Estudio de rostros (CHI_004)','psa1_CHI_004', 'PSA1 Study: CHI_004', NOW() );

REPLACE INTO project_items VALUES 
(90, 'set', 96, 1, NULL),
(91, 'set', 96, 1, NULL),
(92, 'set', 96, 1, NULL),
(93, 'set', 96, 1, NULL),
(94, 'set', 96, 1, NULL),
(95, 'set', 96, 1, NULL),
(96, 'set', 96, 1, NULL),
(97, 'set', 96, 1, NULL),
(98, 'set', 96, 1, NULL),
(99, 'set', 96, 1, NULL),
(100, 'set', 96, 1, NULL),
(101, 'set', 96, 1, NULL),
(102, 'set', 96, 1, NULL),
(103, 'set', 96, 1, NULL),
(104, 'set', 96, 1, NULL),
(105, 'set', 96, 1, NULL);

REPLACE INTO access (type, id, user_id) VALUES
('project', 90, 1),
('project', 91, 1),
('project', 92, 1),
('project', 93, 1),
('project', 94, 1),
('project', 95, 1),
('project', 96, 1),
('project', 97, 1),
('project', 98, 1),
('project', 99, 1),
('project', 100, 1),
('project', 101, 1),
('project', 102, 1),
('project', 103, 1),
('project', 104, 1),
('project', 105, 1);

UPDATE project SET intro="En este estudio, se le pedirá que complete un cuestionario muy breve que recopile información acerca de, por ejemplo, su edad etc. A continuación, se le pedirá que califique 120 rostros en función de cuan representativas son para un rasgo determinado. Después de hacerlo, se le pedirá que califique esos mismos rostros para el mismo rasgo nuevamente. Haga click en el botón de abajo para dar su consentimiento y empezar el estudio." WHERE id >=90 AND id <=105;