UPDATE exp SET res_name='PSA_ES-PE_Agg_1', name='Calificación de agresividad', instructions='Va a ver 102 caras. Por favor indique qué tan agresiva cree que es cada persona haciendo click en el botón arriba del rostro que mejor represente su opinión.', question = '¿Qué tan agresiva (es decir, que tiende a comportarse de manera hostil) cree que es esta persona?' WHERE id=505;
UPDATE exp SET res_name='PSA_ES-PE_Att_1', name='Calificación de atractivo', instructions='Va a ver 102 caras. Por favor indique qué tan atractiva cree que es cada persona haciendo click en el botón arriba del rostro que mejor represente su opinión.', question = '¿Qué tan atractiva (es decir, que atrae a los sentidos a través de la belleza, el físico, el carácter, etc.) cree que es esta persona?' WHERE id=506;
UPDATE exp SET res_name='PSA_ES-PE_Car_1', name='Calificación de compasión', instructions='Va a ver 102 caras. Por favor indique qué tan compasivo/a cree que es cada persona haciendo click en el botón arriba del rostro que mejor represente su opinión.', question = '¿Qué tan compasivo/a (es decir, que sienta o muestre compasión) cree que es esta persona?' WHERE id=507;
UPDATE exp SET res_name='PSA_ES-PE_Con_1', name='Calificación de autoconfianza', instructions='Va a ver 102 caras. Por favor indique qué tan segura de sí misma cree que es cada persona haciendo click en el botón arriba del rostro que mejor represente su opinión.', question = '¿Qué tan segura (es decir, segura de sí misma; sin dudas de sus propias habilidades) cree que es esta persona?' WHERE id=508;
UPDATE exp SET res_name='PSA_ES-PE_Dom_1', name='Calificación de dominancia', instructions='Va a ver 102 caras. Por favor indique qué tan dominante cree que es cada persona haciendo click en el botón arriba del rostro que mejor represente su opinión.', question = '¿Qué tan dominante (es decir, fuerte; importante) cree que es esta persona?' WHERE id=509;
UPDATE exp SET res_name='PSA_ES-PE_Emo_1', name='Calificación de estabilidad emocional', instructions='Va a ver 102 caras. Por favor indique qué tan estable emocionalmente cree que es cada persona haciendo click en el botón arriba del rostro que mejor represente su opinión.', question = '¿Qué tan emocionalmente estable (es decir, sin inestabilidad o enfermedad emocional; cuerda; mentalmente sana) cree que es esta persona?' WHERE id=510;
UPDATE exp SET res_name='PSA_ES-PE_Unh_1', name='calificación de infelicidad', instructions='Va a ver 102 caras. Por favor indique qué tan infeliz cree que es cada persona haciendo click en el botón arriba del rostro que mejor represente su opinión.', question = '¿Qué tan infeliz (es decir, sin alegría, triste o deprimida) cree que es esta persona?' WHERE id=511;
UPDATE exp SET res_name='PSA_ES-PE_Int_1', name='Calificación de inteligencia', instructions='Va a ver 102 caras. Por favor indique qué tan inteligente cree que es cada persona haciendo click en el botón arriba del rostro que mejor represente su opinión.', question = '¿Qué tan inteligente (es decir, que tenga una buena compresión o una gran capacidad mental) es esta persona?' WHERE id=512;
UPDATE exp SET res_name='PSA_ES-PE_Mea_1', name='Calificación de maldad', instructions='Va a ver 102 caras. Por favor indique qué tan mala cree que es cada persona haciendo click en el botón arriba del rostro que mejor represente su opinión.', question = '¿Qué tan mala (es decir, ofensiva, egoísta o desadaptada; malévola; maliciosa) cree que es esta persona?' WHERE id=513;
UPDATE exp SET res_name='PSA_ES-PE_Res_1', name='Calificación de responsabilidad', instructions='Va a ver 102 caras. Por favor indique qué tan responsable cree que es cada persona haciendo click en el botón arriba del rostro que mejor represente su opinión.', question = '¿Qué tan responsable (es decir, capaz de tomar decisiones racionales sin supervisión, que se hace cargo de sus acciones) cree que es esta persona?' WHERE id=514;
UPDATE exp SET res_name='PSA_ES-PE_Soc_1', name='Calificación de sociabilidad', instructions='Va a ver 102 caras. Por favor indique qué tan sociable cree que es cada persona haciendo click en el botón arriba del rostro que mejor represente su opinión.', question = '¿Qué tan sociable (es decir, amigable o agradable en compañía de otros) cree que es esta persona?' WHERE id=515;
UPDATE exp SET res_name='PSA_ES-PE_Tru_1', name='Calificación de confiabilidad', instructions='Va a ver 102 caras. Por favor indique qué tan confiable cree que es cada persona haciendo click en el botón arriba del rostro que mejor represente su opinión.', question = '¿Qué tan confiable (es decir, digna de confianza; fiable) cree que es esta persona?' WHERE id=516;
UPDATE exp SET res_name='PSA_ES-PE_Wei_1', name='Calificación de rareza', instructions='Va a ver 102 caras. Por favor indique qué tan rara cree que es cada persona haciendo click en el botón arriba del rostro que mejor represente su opinión.', question = '¿Qué tan rara (es decir, extraña o peculiar) cree que es esta persona?' WHERE id=517;
UPDATE exp SET res_name='PSA_ES-PE_Old_1', name='Calificación de vejez', instructions='Va a ver 102 caras. Por favor indique qué tan mayor le parece cada persona haciendo click en el botón arriba del rostro que mejor represente su opinión.', question = '¿Qué tan mayor (es decir, vieja, de mayor edad, no joven) cree que es esta persona?' WHERE id=518;
UPDATE exp SET res_name='PSA_ES-PE_Agg_2', name='Calificación de agresividad', instructions='Va a ver 102 caras. Por favor indique qué tan agresiva cree que es cada persona haciendo click en el botón arriba del rostro que mejor represente su opinión.', question = '¿Qué tan agresiva (es decir, que tiende a comportarse de manera hostil) cree que es esta persona?' WHERE id=519;
UPDATE exp SET res_name='PSA_ES-PE_Att_2', name='Calificación de atractivo', instructions='Va a ver 102 caras. Por favor indique qué tan atractiva cree que es cada persona haciendo click en el botón arriba del rostro que mejor represente su opinión.', question = '¿Qué tan atractiva (es decir, que atrae a los sentidos a través de la belleza, el físico, el carácter, etc.) cree que es esta persona?' WHERE id=520;
UPDATE exp SET res_name='PSA_ES-PE_Car_2', name='Calificación de compasión', instructions='Va a ver 102 caras. Por favor indique qué tan compasivo/a cree que es cada persona haciendo click en el botón arriba del rostro que mejor represente su opinión.', question = '¿Qué tan compasivo/a (es decir, que sienta o muestre compasión) cree que es esta persona?' WHERE id=521;
UPDATE exp SET res_name='PSA_ES-PE_Con_2', name='Calificación de autoconfianza', instructions='Va a ver 102 caras. Por favor indique qué tan segura de sí misma cree que es cada persona haciendo click en el botón arriba del rostro que mejor represente su opinión.', question = '¿Qué tan segura (es decir, segura de sí misma; sin dudas de sus propias habilidades) cree que es esta persona?' WHERE id=522;
UPDATE exp SET res_name='PSA_ES-PE_Dom_2', name='Calificación de dominancia', instructions='Va a ver 102 caras. Por favor indique qué tan dominante cree que es cada persona haciendo click en el botón arriba del rostro que mejor represente su opinión.', question = '¿Qué tan dominante (es decir, fuerte; importante) cree que es esta persona?' WHERE id=523;
UPDATE exp SET res_name='PSA_ES-PE_Emo_2', name='Calificación de estabilidad emocional', instructions='Va a ver 102 caras. Por favor indique qué tan estable emocionalmente cree que es cada persona haciendo click en el botón arriba del rostro que mejor represente su opinión.', question = '¿Qué tan emocionalmente estable (es decir, sin inestabilidad o enfermedad emocional; cuerda; mentalmente sana) cree que es esta persona?' WHERE id=524;
UPDATE exp SET res_name='PSA_ES-PE_Unh_2', name='calificación de infelicidad', instructions='Va a ver 102 caras. Por favor indique qué tan infeliz cree que es cada persona haciendo click en el botón arriba del rostro que mejor represente su opinión.', question = '¿Qué tan infeliz (es decir, sin alegría, triste o deprimida) cree que es esta persona?' WHERE id=525;
UPDATE exp SET res_name='PSA_ES-PE_Int_2', name='Calificación de inteligencia', instructions='Va a ver 102 caras. Por favor indique qué tan inteligente cree que es cada persona haciendo click en el botón arriba del rostro que mejor represente su opinión.', question = '¿Qué tan inteligente (es decir, que tenga una buena compresión o una gran capacidad mental) es esta persona?' WHERE id=526;
UPDATE exp SET res_name='PSA_ES-PE_Mea_2', name='Calificación de maldad', instructions='Va a ver 102 caras. Por favor indique qué tan mala cree que es cada persona haciendo click en el botón arriba del rostro que mejor represente su opinión.', question = '¿Qué tan mala (es decir, ofensiva, egoísta o desadaptada; malévola; maliciosa) cree que es esta persona?' WHERE id=527;
UPDATE exp SET res_name='PSA_ES-PE_Res_2', name='Calificación de responsabilidad', instructions='Va a ver 102 caras. Por favor indique qué tan responsable cree que es cada persona haciendo click en el botón arriba del rostro que mejor represente su opinión.', question = '¿Qué tan responsable (es decir, capaz de tomar decisiones racionales sin supervisión, que se hace cargo de sus acciones) cree que es esta persona?' WHERE id=528;
UPDATE exp SET res_name='PSA_ES-PE_Soc_2', name='Calificación de sociabilidad', instructions='Va a ver 102 caras. Por favor indique qué tan sociable cree que es cada persona haciendo click en el botón arriba del rostro que mejor represente su opinión.', question = '¿Qué tan sociable (es decir, amigable o agradable en compañía de otros) cree que es esta persona?' WHERE id=529;
UPDATE exp SET res_name='PSA_ES-PE_Tru_2', name='Calificación de confiabilidad', instructions='Va a ver 102 caras. Por favor indique qué tan confiable cree que es cada persona haciendo click en el botón arriba del rostro que mejor represente su opinión.', question = '¿Qué tan confiable (es decir, digna de confianza; fiable) cree que es esta persona?' WHERE id=530;
UPDATE exp SET res_name='PSA_ES-PE_Wei_2', name='Calificación de rareza', instructions='Va a ver 102 caras. Por favor indique qué tan rara cree que es cada persona haciendo click en el botón arriba del rostro que mejor represente su opinión.', question = '¿Qué tan rara (es decir, extraña o peculiar) cree que es esta persona?' WHERE id=531;
UPDATE exp SET res_name='PSA_ES-PE_Old_2', name='Calificación de vejez', instructions='Va a ver 102 caras. Por favor indique qué tan mayor le parece cada persona haciendo click en el botón arriba del rostro que mejor represente su opinión.', question = '¿Qué tan mayor (es decir, vieja, de mayor edad, no joven) cree que es esta persona?' WHERE id=532;

REPLACE INTO set_items (set_id, item_type, item_id, item_n) VALUES 
(289, 'exp', 505, 1),
(290, 'exp', 506, 1),
(291, 'exp', 507, 1),
(292, 'exp', 508, 1),
(293, 'exp', 509, 1),
(294, 'exp', 510, 1),
(295, 'exp', 511, 1),
(296, 'exp', 512, 1),
(297, 'exp', 513, 1),
(298, 'exp', 514, 1),
(299, 'exp', 515, 1),
(300, 'exp', 516, 1),
(301, 'exp', 517, 1),
(302, 'exp', 518, 1),
(289, 'exp', 519, 2),
(290, 'exp', 520, 2),
(291, 'exp', 521, 2),
(292, 'exp', 522, 2),
(293, 'exp', 523, 2),
(294, 'exp', 524, 2),
(295, 'exp', 525, 2),
(296, 'exp', 526, 2),
(297, 'exp', 527, 2),
(298, 'exp', 528, 2),
(299, 'exp', 529, 2),
(300, 'exp', 530, 2),
(301, 'exp', 531, 2),
(302, 'exp', 532, 2),
(303, 'set', 289, 1),
(303, 'set', 290, 2),
(303, 'set', 291, 3),
(303, 'set', 292, 4),
(303, 'set', 293, 5),
(303, 'set', 294, 6),
(303, 'set', 295, 7),
(303, 'set', 296, 8),
(303, 'set', 297, 9),
(303, 'set', 298, 10),
(303, 'set', 299, 11),
(303, 'set', 300, 12),
(303, 'set', 301, 13),
(303, 'set', 302, 14),
(304, 'set', 303, 1);

REPLACE INTO access (type, id, user_id) VALUES
('exp', 505, 1),
('exp', 506, 1),
('exp', 507, 1),
('exp', 508, 1),
('exp', 509, 1),
('exp', 510, 1),
('exp', 511, 1),
('exp', 512, 1),
('exp', 513, 1),
('exp', 514, 1),
('exp', 515, 1),
('exp', 516, 1),
('exp', 517, 1),
('exp', 518, 1),
('exp', 519, 1),
('exp', 520, 1),
('exp', 521, 1),
('exp', 522, 1),
('exp', 523, 1),
('exp', 524, 1),
('exp', 525, 1),
('exp', 526, 1),
('exp', 527, 1),
('exp', 528, 1),
('exp', 529, 1),
('exp', 530, 1),
('exp', 531, 1),
('exp', 532, 1),
('sets', 289, 1),
('sets', 290, 1),
('sets', 291, 1),
('sets', 292, 1),
('sets', 293, 1),
('sets', 294, 1),
('sets', 295, 1),
('sets', 296, 1),
('sets', 297, 1),
('sets', 298, 1),
('sets', 299, 1),
('sets', 300, 1),
('sets', 301, 1),
('sets', 302, 1),
('sets', 303, 1),
('sets', 304, 1);

REPLACE INTO sets (res_name, name, id, create_date, type) VALUES 
('PSA1_ES-PE_Agg', 'Calificación de agresividad' ,289, NOW(), 'fixed'),
('PSA1_ES-PE_Att', 'Calificación de atractivo' ,290, NOW(), 'fixed'),
('PSA1_ES-PE_Car', 'Calificación de compasión' ,291, NOW(), 'fixed'),
('PSA1_ES-PE_Con', 'Calificación de autoconfianza' ,292, NOW(), 'fixed'),
('PSA1_ES-PE_Dom', 'Calificación de dominancia' ,293, NOW(), 'fixed'),
('PSA1_ES-PE_Emo', 'Calificación de estabilidad emocional' ,294, NOW(), 'fixed'),
('PSA1_ES-PE_Unh', 'calificación de infelicidad' ,295, NOW(), 'fixed'),
('PSA1_ES-PE_Int', 'Calificación de inteligencia' ,296, NOW(), 'fixed'),
('PSA1_ES-PE_Mea', 'Calificación de maldad' ,297, NOW(), 'fixed'),
('PSA1_ES-PE_Res', 'Calificación de responsabilidad' ,298, NOW(), 'fixed'),
('PSA1_ES-PE_Soc', 'Calificación de sociabilidad' ,299, NOW(), 'fixed'),
('PSA1_ES-PE_Tru', 'Calificación de confiabilidad' ,300, NOW(), 'fixed'),
('PSA1_ES-PE_Wei', 'Calificación de rareza' ,301, NOW(), 'fixed'),
('PSA1_ES-PE_Old', 'Calificación de vejez' ,302, NOW(), 'fixed'),
('PSA_ES-PE_Ratings', 'Ratings' ,303, NOW(), 'one_random'),
('PSA1_ES-PE', 'Empezar el estudio ' ,304, NOW(), 'fixed');

REPLACE INTO project (id, res_name, name, url, blurb, create_date) VALUES
(152, 'PSA1_ES-PE_test', 'Estudio de caras (ES-PE_test)','psa1_ES-PE_test', 'PSA1 Study: ES-PE_test', NOW() ),
(153, 'PSA1_ES-PE_PER_001', 'Estudio de caras (PER_001)','psa1_PER_001', 'PSA1 Study: PER_001', NOW() ),
(154, 'PSA1_ES-PE_PER_002', 'Estudio de caras (PER_002)','psa1_PER_002', 'PSA1 Study: PER_002', NOW() );

REPLACE INTO project_items VALUES 
(152, 'set', 304, 1, NULL),
(153, 'set', 304, 1, NULL),
(154, 'set', 304, 1, NULL);

REPLACE INTO access (type, id, user_id) VALUES
('project', 152, 1),
('project', 153, 1),
('project', 154, 1);

UPDATE project SET intro='En este estudio se le pedirá que complete una breve encuesta, la cual recolecta información de, por ejemplo, su edad. Posteriormente, se le pedirá que califique 120 caras en relación a una determinada característica. Después de realizar la tarea, se le pedirá que califique las mismas caras en función a la misma característca nuevamente. Por favor haga click en el botón de abajo para indicar su consentimiento y comenzar el estudio.' WHERE id >=152 AND id <=154;
UPDATE sets SET feedback_general = 'El estudio ha terminado. Por favor, llame al experimentador' WHERE id = 304;

