UPDATE exp SET res_name='PSA_HU_Agg_1', name='Agresszivitás megítélése', instructions='A következőkben 120 arcot fog látni. Kérjük jelezze, mennyire tartja agresszívnek a látott személyeket! Kattintson az arc felett arra a gombra, amelyik a leginkább tükrözi az Ön véleményét.', question = 'Mennyire találja agresszívnek (ellenséges viselkedésre hajlamosnak) ezt a személyt?' WHERE id=365;
UPDATE exp SET res_name='PSA_HU_Att_1', name='Vonzerő megítélése ', instructions='A következőkben 120 arcot fog látni. Kérjük jelezze, mennyire tartja vonzónak a látott személyeket! Kattintson az arc felett arra a gombra, amelyik a legjobban tükrözi az Ön ítéletét.', question = 'Mennyire találja vonzónak (tetszetősnek, megnyerőnek szépsége, formája, karaktere miatt) ezt a személyt?' WHERE id=366;
UPDATE exp SET res_name='PSA_HU_Car_1', name='Gondoskodás megítélése ', instructions='A következőkben 120 arcot fog látni. Kérjük jelezze, mennyire tartja gondoskodónak a látott személyeket! Kattintson az arc felett arra a gombra, amelyik a legjobban tükrözi az Ön ítéletét.', question = 'Mennyire találja gondoskodónak (együttérzőnek vagy törődést mutatónak) ezt a személyt?' WHERE id=367;
UPDATE exp SET res_name='PSA_HU_Con_1', name='Magabiztosság megítélése ', instructions='A következőkben 120 arcot fog látni. Kérjük jelezze, mennyire tartja magabiztosnak a látott személyeket! Kattintson az arc felett arra a gombra, amelyik a legjobban tükrözi az Ön ítéletét.', question = 'Mennyire találja magabiztosnak (határozottnak, olyannak, aki nem kételkedik saját képességeiben) ezt a személyt?' WHERE id=368;
UPDATE exp SET res_name='PSA_HU_Dom_1', name='Dominancia megítélése ', instructions='A következőkben 120 arcot fog látni. Kérjük jelezze, mennyire tartja dominánsnak a látott személyeket! Kattintson az arc felett arra a gombra, amelyik a legjobban tükrözi az Ön ítéletét.', question = 'Mennyire találja dominánsnak (erősnek, meghatározónak, fontosnak) ezt a személyt?' WHERE id=369;
UPDATE exp SET res_name='PSA_HU_Emo_1', name='Érzelmi stabilitás megítélése ', instructions='A következőkben 120 arcot fog látni. Kérjük jelezze, mennyire tartja érzelmileg kiegyensúlyozottnak a látott személyeket! Kattintson az arc felett arra a gombra, amelyik a legjobban tükrözi az Ön ítéletét.', question = 'Mennyire találja érzelmileg kiegyensúlyozottnak (érzelmi ingadozásoktól vagy betegségtől mentesnek, józan gondolkodásúnak, szellemileg épnek) ezt a személyt?' WHERE id=370;
UPDATE exp SET res_name='PSA_HU_Unh_1', name='Boldogtalanság megítélése ', instructions='A következőkben 120 arcot fog látni. Kérjük jelezze, mennyire tartja boldogtalannak a látott személyeket! Kattintson az arc felett arra a gombra, amelyik a legjobban tükrözi az Ön ítéletét.', question = 'Mennyire találja boldogtalannak (bánatosnak, szomorúnak vagy levertnek, depressziósnak) ezt a személyt?' WHERE id=371;
UPDATE exp SET res_name='PSA_HU_Int_1', name='Intelligencia megítélése ', instructions='A következőkben 120 arcot fog látni. Kérjük jelezze, mennyire tartja intelligensnek a látott személyeket! Kattintson az arc felett arra a gombra, amelyik a legjobban tükrözi az Ön ítéletét.', question = 'Mennyire találja intelligensnek (jó felfogóképességgel vagy magas szellemi teljesítőképességgel rendelkezőnek) ezt a személyt?' WHERE id=372;
UPDATE exp SET res_name='PSA_HU_Mea_1', name='Rosszindulat megítélése ', instructions='A következőkben 120 arcot fog látni. Kérjük jelezze, mennyire tartja rosszindulatúnak a látott személyeket! Kattintson az arc felett arra a gombra, amelyik a legjobban tükrözi az Ön ítéletét.', question = 'Mennyire találja rosszindulatúnak (gorombának, sértőnek, önzőnek vagy alkalmazkodásra képtelennek, undoknak, gonosznak) ezt a személyt?' WHERE id=373;
UPDATE exp SET res_name='PSA_HU_Res_1', name='Felelősségteljesség megítélése ', instructions='A következőkben 120 arcot fog látni. Kérjük jelezze, mennyire tartja felelősségteljesnek a látott személyeket! Kattintson az arc felett arra a gombra, amelyik a legjobban tükrözi az Ön ítéletét.', question = 'Mennyire találja felelősségteljesnek ezt a személyt (olyannak, aki feljebbvaló jóváhagyása nélkül is képes racionális döntéseket meghozni és elszámoltatható a cselekedeteiért)?' WHERE id=374;
UPDATE exp SET res_name='PSA_HU_Soc_1', name='Szociabilitás megítélése ', instructions='A következőkben 120 arcot fog látni. Kérjük jelezze, mennyire tartja társaságkedvelőnek a látott személyeket! Kattintson az arc felett arra a gombra, amelyik a legjobban tükrözi az Ön ítéletét.', question = 'Mennyire találja társaságkedvelőnek (barátságosnak, kellemes társaságnak, szociálisnak) ezt a személyt?' WHERE id=375;
UPDATE exp SET res_name='PSA_HU_Tru_1', name='Megbízhatóság megítélése ', instructions='A következőkben 120 arcot fog látni. Kérjük jelezze, mennyire tartja megbízhatónak a látott személyeket! Kattintson az arc felett arra a gombra, amelyik a legjobban tükrözi az Ön ítéletét.', question = 'Mennyire találja megbízhatónak (bizalomra méltónak; olyannak, akire lehet számítani; szavahihetőnek) ezt a személyt?' WHERE id=376;
UPDATE exp SET res_name='PSA_HU_Wei_1', name='Furcsaság megítélése ', instructions='A következőkben 120 arcot fog látni. Kérjük jelezze, mennyire tartja furcsának a látott személyeket! Kattintson az arc felett arra a gombra, amelyik a legjobban tükrözi az Ön ítéletét.', question = 'Mennyire találja furcsának (különösnek vagy bizarrnak) ezt a személyt?' WHERE id=377;
UPDATE exp SET res_name='PSA_HU_Old_1', name='Életkor megítélése', instructions='A következőkben 120 arcot fog látni. Kérjük jelezze, mennyire tartja idősnek a látott személyeket! Kattintson az arc felett arra a gombra, amelyik a legjobban tükrözi az Ön ítéletét.', question = 'Mennyire találja idősnek (magas életkorúnak, öregnek) ezt a személyt?' WHERE id=378;
UPDATE exp SET res_name='PSA_HU_Agg_2', name='Agresszivitás megítélése', instructions='A következőkben 120 arcot fog látni. Kérjük jelezze, mennyire tartja agresszívnek a látott személyeket! Kattintson az arc felett arra a gombra, amelyik a leginkább tükrözi az Ön véleményét.', question = 'Mennyire találja agresszívnek (ellenséges viselkedésre hajlamosnak) ezt a személyt?' WHERE id=379;
UPDATE exp SET res_name='PSA_HU_Att_2', name='Vonzerő megítélése ', instructions='A következőkben 120 arcot fog látni. Kérjük jelezze, mennyire tartja vonzónak a látott személyeket! Kattintson az arc felett arra a gombra, amelyik a legjobban tükrözi az Ön ítéletét.', question = 'Mennyire találja vonzónak (tetszetősnek, megnyerőnek szépsége, formája, karaktere miatt) ezt a személyt?' WHERE id=380;
UPDATE exp SET res_name='PSA_HU_Car_2', name='Gondoskodás megítélése ', instructions='A következőkben 120 arcot fog látni. Kérjük jelezze, mennyire tartja gondoskodónak a látott személyeket! Kattintson az arc felett arra a gombra, amelyik a legjobban tükrözi az Ön ítéletét.', question = 'Mennyire találja gondoskodónak (együttérzőnek vagy törődést mutatónak) ezt a személyt?' WHERE id=381;
UPDATE exp SET res_name='PSA_HU_Con_2', name='Magabiztosság megítélése ', instructions='A következőkben 120 arcot fog látni. Kérjük jelezze, mennyire tartja magabiztosnak a látott személyeket! Kattintson az arc felett arra a gombra, amelyik a legjobban tükrözi az Ön ítéletét.', question = 'Mennyire találja magabiztosnak (határozottnak, olyannak, aki nem kételkedik saját képességeiben) ezt a személyt?' WHERE id=382;
UPDATE exp SET res_name='PSA_HU_Dom_2', name='Dominancia megítélése ', instructions='A következőkben 120 arcot fog látni. Kérjük jelezze, mennyire tartja dominánsnak a látott személyeket! Kattintson az arc felett arra a gombra, amelyik a legjobban tükrözi az Ön ítéletét.', question = 'Mennyire találja dominánsnak (erősnek, meghatározónak, fontosnak) ezt a személyt?' WHERE id=383;
UPDATE exp SET res_name='PSA_HU_Emo_2', name='Érzelmi stabilitás megítélése ', instructions='A következőkben 120 arcot fog látni. Kérjük jelezze, mennyire tartja érzelmileg kiegyensúlyozottnak a látott személyeket! Kattintson az arc felett arra a gombra, amelyik a legjobban tükrözi az Ön ítéletét.', question = 'Mennyire találja érzelmileg kiegyensúlyozottnak (érzelmi ingadozásoktól vagy betegségtől mentesnek, józan gondolkodásúnak, szellemileg épnek) ezt a személyt?' WHERE id=384;
UPDATE exp SET res_name='PSA_HU_Unh_2', name='Boldogtalanság megítélése ', instructions='A következőkben 120 arcot fog látni. Kérjük jelezze, mennyire tartja boldogtalannak a látott személyeket! Kattintson az arc felett arra a gombra, amelyik a legjobban tükrözi az Ön ítéletét.', question = 'Mennyire találja boldogtalannak (bánatosnak, szomorúnak vagy levertnek, depressziósnak) ezt a személyt?' WHERE id=385;
UPDATE exp SET res_name='PSA_HU_Int_2', name='Intelligencia megítélése ', instructions='A következőkben 120 arcot fog látni. Kérjük jelezze, mennyire tartja intelligensnek a látott személyeket! Kattintson az arc felett arra a gombra, amelyik a legjobban tükrözi az Ön ítéletét.', question = 'Mennyire találja intelligensnek (jó felfogóképességgel vagy magas szellemi teljesítőképességgel rendelkezőnek) ezt a személyt?' WHERE id=386;
UPDATE exp SET res_name='PSA_HU_Mea_2', name='Rosszindulat megítélése ', instructions='A következőkben 120 arcot fog látni. Kérjük jelezze, mennyire tartja rosszindulatúnak a látott személyeket! Kattintson az arc felett arra a gombra, amelyik a legjobban tükrözi az Ön ítéletét.', question = 'Mennyire találja rosszindulatúnak (gorombának, sértőnek, önzőnek vagy alkalmazkodásra képtelennek, undoknak, gonosznak) ezt a személyt?' WHERE id=387;
UPDATE exp SET res_name='PSA_HU_Res_2', name='Felelősségteljesség megítélése ', instructions='A következőkben 120 arcot fog látni. Kérjük jelezze, mennyire tartja felelősségteljesnek a látott személyeket! Kattintson az arc felett arra a gombra, amelyik a legjobban tükrözi az Ön ítéletét.', question = 'Mennyire találja felelősségteljesnek ezt a személyt (olyannak, aki feljebbvaló jóváhagyása nélkül is képes racionális döntéseket meghozni és elszámoltatható a cselekedeteiért)?' WHERE id=388;
UPDATE exp SET res_name='PSA_HU_Soc_2', name='Szociabilitás megítélése ', instructions='A következőkben 120 arcot fog látni. Kérjük jelezze, mennyire tartja társaságkedvelőnek a látott személyeket! Kattintson az arc felett arra a gombra, amelyik a legjobban tükrözi az Ön ítéletét.', question = 'Mennyire találja társaságkedvelőnek (barátságosnak, kellemes társaságnak, szociálisnak) ezt a személyt?' WHERE id=389;
UPDATE exp SET res_name='PSA_HU_Tru_2', name='Megbízhatóság megítélése ', instructions='A következőkben 120 arcot fog látni. Kérjük jelezze, mennyire tartja megbízhatónak a látott személyeket! Kattintson az arc felett arra a gombra, amelyik a legjobban tükrözi az Ön ítéletét.', question = 'Mennyire találja megbízhatónak (bizalomra méltónak; olyannak, akire lehet számítani; szavahihetőnek) ezt a személyt?' WHERE id=390;
UPDATE exp SET res_name='PSA_HU_Wei_2', name='Furcsaság megítélése ', instructions='A következőkben 120 arcot fog látni. Kérjük jelezze, mennyire tartja furcsának a látott személyeket! Kattintson az arc felett arra a gombra, amelyik a legjobban tükrözi az Ön ítéletét.', question = 'Mennyire találja furcsának (különösnek vagy bizarrnak) ezt a személyt?' WHERE id=391;
UPDATE exp SET res_name='PSA_HU_Old_2', name='Életkor megítélése', instructions='A következőkben 120 arcot fog látni. Kérjük jelezze, mennyire tartja idősnek a látott személyeket! Kattintson az arc felett arra a gombra, amelyik a legjobban tükrözi az Ön ítéletét.', question = 'Mennyire találja idősnek (magas életkorúnak, öregnek) ezt a személyt?' WHERE id=392;

REPLACE INTO set_items (set_id, item_type, item_id, item_n) VALUES 
(209, 'exp', 365, 1),
(210, 'exp', 366, 1),
(211, 'exp', 367, 1),
(212, 'exp', 368, 1),
(213, 'exp', 369, 1),
(214, 'exp', 370, 1),
(215, 'exp', 371, 1),
(216, 'exp', 372, 1),
(217, 'exp', 373, 1),
(218, 'exp', 374, 1),
(219, 'exp', 375, 1),
(220, 'exp', 376, 1),
(221, 'exp', 377, 1),
(222, 'exp', 378, 1),
(209, 'exp', 379, 2),
(210, 'exp', 380, 2),
(211, 'exp', 381, 2),
(212, 'exp', 382, 2),
(213, 'exp', 383, 2),
(214, 'exp', 384, 2),
(215, 'exp', 385, 2),
(216, 'exp', 386, 2),
(217, 'exp', 387, 2),
(218, 'exp', 388, 2),
(219, 'exp', 389, 2),
(220, 'exp', 390, 2),
(221, 'exp', 391, 2),
(222, 'exp', 392, 2),
(223, 'set', 209, 1),
(223, 'set', 210, 2),
(223, 'set', 211, 3),
(223, 'set', 212, 4),
(223, 'set', 213, 5),
(223, 'set', 214, 6),
(223, 'set', 215, 7),
(223, 'set', 216, 8),
(223, 'set', 217, 9),
(223, 'set', 218, 10),
(223, 'set', 219, 11),
(223, 'set', 220, 12),
(223, 'set', 221, 13),
(223, 'set', 222, 14),
(224, 'set', 223, 1);

REPLACE INTO access (type, id, user_id) VALUES
('exp', 365, 1),
('exp', 366, 1),
('exp', 367, 1),
('exp', 368, 1),
('exp', 369, 1),
('exp', 370, 1),
('exp', 371, 1),
('exp', 372, 1),
('exp', 373, 1),
('exp', 374, 1),
('exp', 375, 1),
('exp', 376, 1),
('exp', 377, 1),
('exp', 378, 1),
('exp', 379, 1),
('exp', 380, 1),
('exp', 381, 1),
('exp', 382, 1),
('exp', 383, 1),
('exp', 384, 1),
('exp', 385, 1),
('exp', 386, 1),
('exp', 387, 1),
('exp', 388, 1),
('exp', 389, 1),
('exp', 390, 1),
('exp', 391, 1),
('exp', 392, 1),
('sets', 209, 1),
('sets', 210, 1),
('sets', 211, 1),
('sets', 212, 1),
('sets', 213, 1),
('sets', 214, 1),
('sets', 215, 1),
('sets', 216, 1),
('sets', 217, 1),
('sets', 218, 1),
('sets', 219, 1),
('sets', 220, 1),
('sets', 221, 1),
('sets', 222, 1),
('sets', 223, 1),
('sets', 224, 1);

REPLACE INTO sets (res_name, name, id, create_date, type) VALUES 
('PSA1_HU_Agg', 'Agresszivitás megítélése' ,209, NOW(), 'fixed'),
('PSA1_HU_Att', 'Vonzerő megítélése ' ,210, NOW(), 'fixed'),
('PSA1_HU_Car', 'Gondoskodás megítélése ' ,211, NOW(), 'fixed'),
('PSA1_HU_Con', 'Magabiztosság megítélése ' ,212, NOW(), 'fixed'),
('PSA1_HU_Dom', 'Dominancia megítélése ' ,213, NOW(), 'fixed'),
('PSA1_HU_Emo', 'Érzelmi stabilitás megítélése ' ,214, NOW(), 'fixed'),
('PSA1_HU_Unh', 'Boldogtalanság megítélése ' ,215, NOW(), 'fixed'),
('PSA1_HU_Int', 'Intelligencia megítélése ' ,216, NOW(), 'fixed'),
('PSA1_HU_Mea', 'Rosszindulat megítélése ' ,217, NOW(), 'fixed'),
('PSA1_HU_Res', 'Felelősségteljesség megítélése ' ,218, NOW(), 'fixed'),
('PSA1_HU_Soc', 'Szociabilitás megítélése ' ,219, NOW(), 'fixed'),
('PSA1_HU_Tru', 'Megbízhatóság megítélése ' ,220, NOW(), 'fixed'),
('PSA1_HU_Wei', 'Furcsaság megítélése ' ,221, NOW(), 'fixed'),
('PSA1_HU_Old', 'Életkor megítélése' ,222, NOW(), 'fixed'),
('PSA_HU_Ratings', 'Ratings' ,223, NOW(), 'one_random'),
('PSA1_HU', 'A kutatás indítása' ,224, NOW(), 'fixed');

REPLACE INTO project (id, res_name, name, url, blurb, create_date) VALUES
(137, 'PSA1_HU_test', 'Arckutatás (HU_test)','psa1_HU_test', 'PSA1 Study: HU_test', NOW() ),
(138, 'PSA1_HU_HUN_001', 'Arckutatás (HUN_001)','psa1_HUN_001', 'PSA1 Study: HUN_001', NOW() );

REPLACE INTO project_items VALUES 
(137, 'set', 224, 1, NULL),
(138, 'set', 224, 1, NULL);

REPLACE INTO access (type, id, user_id) VALUES
('project', 137, 1),
('project', 138, 1);

UPDATE project SET intro='Ebben a kutatásban azt kérjük Öntől, hogy töltsön ki egy nagyon rövid kérdőívet, amelyben például az Ön életkorára is rákérdezünk. Ezután 120 arcot kell értékelnie egy bizonyos tulajdonság alapján. Miután ezt megtette, újra értékelnie kell ugyanezeket az arcokat a korábbi szempont alapján. Kérjük kattintson az alábbi gombra a beleegyezéshez és a kutatás megkezdéséhez.' WHERE id >=137 AND id <=138;
UPDATE sets SET feedback_general = 'A kutatás véget ért. Kérjük, szóljon a kutatás vezetőjének!' WHERE id = 224;
