
UPDATE exp SET res_name='PSA1_FRE_Agg_1', name='Evaluer l\'agressivité', instructions='Vous allez voir 120 visages. Veuillez indiquer à quel point vous trouvez chaque personne agressive en cliquant sur le bouton au-dessus du visage qui représente le mieux votre jugement.', question = 'A quel point cette personne est-elle agressive (c.à.d., a tendance à se comporter de manière hostile) ?' WHERE id=29;
UPDATE exp SET res_name='PSA1_FRE_Att_1', name='Evaluer l\'attirance', instructions='Vous allez voir 120 visages. Veuillez indiquer à quel point vous trouvez chaque personne attirante en cliquant sur le bouton au-dessus du visage qui représente le mieux votre jugement.', question = 'A quel point cette personne est-elle attractive (c.à.d., agréable à regarder, de par sa beauté, sa forme, son caractère, etc.) ?' WHERE id=30;
UPDATE exp SET res_name='PSA1_FRE_Car_1', name='Evaluer la compassion', instructions='Vous allez voir 120 visages. Veuillez indiquer à quel point vous trouvez chaque personne attentionnée en cliquant sur le bouton au-dessus du visage qui représente le mieux votre jugement.', question = 'A quel point cette personne est-elle attentionnée (c.à.d., ressent ou montre de la compassion) ?' WHERE id=31;
UPDATE exp SET res_name='PSA1_FRE_Con_1', name='Evaluer la confiance en soi', instructions='Vous allez voir 120 visages. Veuillez indiquer à quel point vous trouvez chaque personne assurée en cliquant sur le bouton au-dessus du visage qui représente le mieux votre jugement.', question = 'A quel point cette personne est-elle assurée (c.à.d., sûre d’elle, n’ayant aucun doute sur ses capacités) ?' WHERE id=32;
UPDATE exp SET res_name='PSA1_FRE_Dom_1', name='Evaluer la dominance', instructions='Vous allez voir 120 visages. Veuillez indiquer à quel point vous trouvez chaque personne dominante en cliquant sur le bouton au-dessus du visage qui représente le mieux votre jugement.', question = 'A quel point cette personne est-elle dominante (c.à.d.,forte, importante) ?' WHERE id=33;
UPDATE exp SET res_name='PSA1_FRE_Emo_1', name='Evaluer la stabilité émotionnelle', instructions='Vous allez voir 120 visages. Veuillez indiquer à quel point vous trouvez chaque personne stable émotionnellement en cliquant sur le bouton au-dessus du visage qui représente le mieux votre jugement.', question = 'A quel point cette personne est-elle stable émotionnellement (c.à.d., non sujette à de l’instabilité ou à un trouble émotionnel ; saine d’esprit) ?' WHERE id=34;
UPDATE exp SET res_name='PSA1_FRE_Unh_1', name='Evaluer la tristesse', instructions='Vous allez voir 120 visages. Veuillez indiquer à quel point vous trouvez chaque personne triste en cliquant sur le bouton au-dessus du visage qui représente le mieux votre jugement.', question = 'A quel point cette personne est-elle triste (c.à.d., pas joyeuse, malheureuse ou déprimée) ?' WHERE id=35;
UPDATE exp SET res_name='PSA1_FRE_Int_1', name='Evaluer l\'intelligence', instructions='Vous allez voir 120 visages. Veuillez indiquer à quel point vous trouvez chaque personne intelligente en cliquant sur le bouton au-dessus du visage qui représente le mieux votre jugement.', question = 'A quel point cette personne est-elle intelligente (c.à.d., a une bonne compréhension des choses ou de hautes capacités mentales) ?' WHERE id=36;
UPDATE exp SET res_name='PSA1_FRE_Mea_1', name='Evaluer la méchanceté', instructions='Vous allez voir 120 visages. Veuillez indiquer à quel point vous trouvez chaque personne méchante en cliquant sur le bouton au-dessus du visage qui représente le mieux votre jugement.', question = 'A quel point cette personne est-elle méchante (c.à.d., blessante, égoïste ou peu conciliante ; mauvaise ; malveillante) ?' WHERE id=37;
UPDATE exp SET res_name='PSA1_FRE_Res_1', name='Evaluer la responsabilité', instructions='Vous allez voir 120 visages. Veuillez indiquer à quel point vous trouvez chaque personne responsable en cliquant sur le bouton au-dessus du visage qui représente le mieux votre jugement.', question = 'A quel point cette personne est-elle responsable (c.à.d., capable de prendre des décisions rationnelles de manière autonome, assume ses propres actions) ?' WHERE id=38;
UPDATE exp SET res_name='PSA1_FRE_Soc_1', name='Evaluer la sociabilité', instructions='Vous allez voir 120 visages. Veuillez indiquer à quel point vous trouvez chaque personne sociable en cliquant sur le bouton au-dessus du visage qui représente le mieux votre jugement.', question = 'A quel point cette personne est-elle sociable (c.à.d., amicale ou de bonne compagnie, conviviale) ?' WHERE id=39;
UPDATE exp SET res_name='PSA1_FRE_Tru_1', name='Evaluer le trait "Digne de confiance"', instructions='Vous allez voir 120 visages. Veuillez indiquer à quel point vous trouvez chaque personne digne de confiance en cliquant sur le bouton au-dessus du visage qui représente le mieux votre jugement.', question = 'A quel point cette personne est-elle digne de confiance (c.à.d., mérite la confiance, on peut compter sur elle, fiable) ?' WHERE id=40;
UPDATE exp SET res_name='PSA1_FRE_Wei_1', name='Evaluer le trait "Bizarre"', instructions='Vous allez voir 120 visages. Veuillez indiquer à quel point vous trouvez chaque personne bizarre en cliquant sur le bouton au-dessus du visage qui représente le mieux votre jugement.', question = 'A quel point cette personne est-elle bizarre (c.à.d., étrange) ?' WHERE id=41;
UPDATE exp SET res_name='PSA1_FRE_Old_1', name='Evaluer l\'âge', instructions='Vous allez voir 120 visages. Veuillez indiquer à quel point vous trouvez chaque personne vieille en cliquant sur le bouton au-dessus du visage qui représente le mieux votre jugement.', question = 'A quel point cette personne est-elle vieille (c.à.d., a un grand âge, pas jeune) ?' WHERE id=42;
UPDATE exp SET res_name='PSA1_FRE_Agg_2', name='Evaluer l\'agressivité', instructions='Vous allez voir 120 visages. Veuillez indiquer à quel point vous trouvez chaque personne agressive en cliquant sur le bouton au-dessus du visage qui représente le mieux votre jugement.', question = 'A quel point cette personne est-elle agressive (c.à.d., a tendance à se comporter de manière hostile) ?' WHERE id=43;
UPDATE exp SET res_name='PSA1_FRE_Att_2', name='Evaluer l\'attirance', instructions='Vous allez voir 120 visages. Veuillez indiquer à quel point vous trouvez chaque personne attirante en cliquant sur le bouton au-dessus du visage qui représente le mieux votre jugement.', question = 'A quel point cette personne est-elle attractive (c.à.d., agréable à regarder, de par sa beauté, sa forme, son caractère, etc.) ?' WHERE id=44;
UPDATE exp SET res_name='PSA1_FRE_Car_2', name='Evaluer la compassion', instructions='Vous allez voir 120 visages. Veuillez indiquer à quel point vous trouvez chaque personne attentionnée en cliquant sur le bouton au-dessus du visage qui représente le mieux votre jugement.', question = 'A quel point cette personne est-elle attentionnée (c.à.d., ressent ou montre de la compassion) ?' WHERE id=45;
UPDATE exp SET res_name='PSA1_FRE_Con_2', name='Evaluer la confiance en soi', instructions='Vous allez voir 120 visages. Veuillez indiquer à quel point vous trouvez chaque personne assurée en cliquant sur le bouton au-dessus du visage qui représente le mieux votre jugement.', question = 'A quel point cette personne est-elle assurée (c.à.d., sûre d’elle, n’ayant aucun doute sur ses capacités) ?' WHERE id=46;
UPDATE exp SET res_name='PSA1_FRE_Dom_2', name='Evaluer la dominance', instructions='Vous allez voir 120 visages. Veuillez indiquer à quel point vous trouvez chaque personne dominante en cliquant sur le bouton au-dessus du visage qui représente le mieux votre jugement.', question = 'A quel point cette personne est-elle dominante (c.à.d.,forte, importante) ?' WHERE id=47;
UPDATE exp SET res_name='PSA1_FRE_Emo_2', name='Evaluer la stabilité émotionnelle', instructions='Vous allez voir 120 visages. Veuillez indiquer à quel point vous trouvez chaque personne stable émotionnellement en cliquant sur le bouton au-dessus du visage qui représente le mieux votre jugement.', question = 'A quel point cette personne est-elle stable émotionnellement (c.à.d., non sujette à de l’instabilité ou à un trouble émotionnel ; saine d’esprit) ?' WHERE id=48;
UPDATE exp SET res_name='PSA1_FRE_Unh_2', name='Evaluer la tristesse', instructions='Vous allez voir 120 visages. Veuillez indiquer à quel point vous trouvez chaque personne triste en cliquant sur le bouton au-dessus du visage qui représente le mieux votre jugement.', question = 'A quel point cette personne est-elle triste (c.à.d., pas joyeuse, malheureuse ou déprimée) ?' WHERE id=49;
UPDATE exp SET res_name='PSA1_FRE_Int_2', name='Evaluer l\'intelligence', instructions='Vous allez voir 120 visages. Veuillez indiquer à quel point vous trouvez chaque personne intelligente en cliquant sur le bouton au-dessus du visage qui représente le mieux votre jugement.', question = 'A quel point cette personne est-elle intelligente (c.à.d., a une bonne compréhension des choses ou de hautes capacités mentales) ?' WHERE id=50;
UPDATE exp SET res_name='PSA1_FRE_Mea_2', name='Evaluer la méchanceté', instructions='Vous allez voir 120 visages. Veuillez indiquer à quel point vous trouvez chaque personne méchante en cliquant sur le bouton au-dessus du visage qui représente le mieux votre jugement.', question = 'A quel point cette personne est-elle méchante (c.à.d., blessante, égoïste ou peu conciliante ; mauvaise ; malveillante) ?' WHERE id=51;
UPDATE exp SET res_name='PSA1_FRE_Res_2', name='Evaluer la responsabilité', instructions='Vous allez voir 120 visages. Veuillez indiquer à quel point vous trouvez chaque personne responsable en cliquant sur le bouton au-dessus du visage qui représente le mieux votre jugement.', question = 'A quel point cette personne est-elle responsable (c.à.d., capable de prendre des décisions rationnelles de manière autonome, assume ses propres actions) ?' WHERE id=52;
UPDATE exp SET res_name='PSA1_FRE_Soc_2', name='Evaluer la sociabilité', instructions='Vous allez voir 120 visages. Veuillez indiquer à quel point vous trouvez chaque personne sociable en cliquant sur le bouton au-dessus du visage qui représente le mieux votre jugement.', question = 'A quel point cette personne est-elle sociable (c.à.d., amicale ou de bonne compagnie, conviviale) ?' WHERE id=53;
UPDATE exp SET res_name='PSA1_FRE_Tru_2', name='Evaluer le trait "Digne de confiance"', instructions='Vous allez voir 120 visages. Veuillez indiquer à quel point vous trouvez chaque personne digne de confiance en cliquant sur le bouton au-dessus du visage qui représente le mieux votre jugement.', question = 'A quel point cette personne est-elle digne de confiance (c.à.d., mérite la confiance, on peut compter sur elle, fiable) ?' WHERE id=54;
UPDATE exp SET res_name='PSA1_FRE_Wei_2', name='Evaluer le trait "Bizarre"', instructions='Vous allez voir 120 visages. Veuillez indiquer à quel point vous trouvez chaque personne bizarre en cliquant sur le bouton au-dessus du visage qui représente le mieux votre jugement.', question = 'A quel point cette personne est-elle bizarre (c.à.d., étrange) ?' WHERE id=55;
UPDATE exp SET res_name='PSA1_FRE_Old_2', name='Evaluer l\'âge', instructions='Vous allez voir 120 visages. Veuillez indiquer à quel point vous trouvez chaque personne vieille en cliquant sur le bouton au-dessus du visage qui représente le mieux votre jugement.', question = 'A quel point cette personne est-elle vieille (c.à.d., a un grand âge, pas jeune) ?' WHERE id=56;

REPLACE INTO set_items (set_id, item_type, item_id, item_n) VALUES 
(17, 'exp', 29, 1),
(18, 'exp', 30, 1),
(19, 'exp', 31, 1),
(20, 'exp', 32, 1),
(21, 'exp', 33, 1),
(22, 'exp', 34, 1),
(23, 'exp', 35, 1),
(24, 'exp', 36, 1),
(25, 'exp', 37, 1),
(26, 'exp', 38, 1),
(27, 'exp', 39, 1),
(28, 'exp', 40, 1),
(29, 'exp', 41, 1),
(30, 'exp', 42, 1),
(17, 'exp', 43, 2),
(18, 'exp', 44, 2),
(19, 'exp', 45, 2),
(20, 'exp', 46, 2),
(21, 'exp', 47, 2),
(22, 'exp', 48, 2),
(23, 'exp', 49, 2),
(24, 'exp', 50, 2),
(25, 'exp', 51, 2),
(26, 'exp', 52, 2),
(27, 'exp', 53, 2),
(28, 'exp', 54, 2),
(29, 'exp', 55, 2),
(30, 'exp', 56, 2),
(31, 'set', 17, 1),
(31, 'set', 18, 2),
(31, 'set', 19, 3),
(31, 'set', 20, 4),
(31, 'set', 21, 5),
(31, 'set', 22, 6),
(31, 'set', 23, 7),
(31, 'set', 24, 8),
(31, 'set', 25, 9),
(31, 'set', 26, 10),
(31, 'set', 27, 11),
(31, 'set', 28, 12),
(31, 'set', 29, 13),
(31, 'set', 30, 14),
(32, 'set', 31, 1);
REPLACE INTO access (type, id, user_id) VALUES
('exp', 29, 1),
('exp', 30, 1),
('exp', 31, 1),
('exp', 32, 1),
('exp', 33, 1),
('exp', 34, 1),
('exp', 35, 1),
('exp', 36, 1),
('exp', 37, 1),
('exp', 38, 1),
('exp', 39, 1),
('exp', 40, 1),
('exp', 41, 1),
('exp', 42, 1),
('exp', 43, 1),
('exp', 44, 1),
('exp', 45, 1),
('exp', 46, 1),
('exp', 47, 1),
('exp', 48, 1),
('exp', 49, 1),
('exp', 50, 1),
('exp', 51, 1),
('exp', 52, 1),
('exp', 53, 1),
('exp', 54, 1),
('exp', 55, 1),
('exp', 56, 1),
('sets', 17, 1),
('sets', 18, 1),
('sets', 19, 1),
('sets', 20, 1),
('sets', 21, 1),
('sets', 22, 1),
('sets', 23, 1),
('sets', 24, 1),
('sets', 25, 1),
('sets', 26, 1),
('sets', 27, 1),
('sets', 28, 1),
('sets', 29, 1),
('sets', 30, 1),
('sets', 31, 1),
('sets', 32, 1);

REPLACE INTO sets (res_name, name, id, create_date, type) VALUES 
('PSA1_FRE_Agg', 'Evaluer l\'agressivité' ,17, NOW(), 'fixed'),
('PSA1_FRE_Att', 'Evaluer l\'attirance' ,18, NOW(), 'fixed'),
('PSA1_FRE_Car', 'Evaluer la compassion' ,19, NOW(), 'fixed'),
('PSA1_FRE_Con', 'Evaluer la confiance en soi' ,20, NOW(), 'fixed'),
('PSA1_FRE_Dom', 'Evaluer la dominance' ,21, NOW(), 'fixed'),
('PSA1_FRE_Emo', 'Evaluer la stabilité émotionnelle' ,22, NOW(), 'fixed'),
('PSA1_FRE_Unh', 'Evaluer la tristesse' ,23, NOW(), 'fixed'),
('PSA1_FRE_Int', 'Evaluer l\'intelligence' ,24, NOW(), 'fixed'),
('PSA1_FRE_Mea', 'Evaluer la méchanceté' ,25, NOW(), 'fixed'),
('PSA1_FRE_Res', 'Evaluer la responsabilité' ,26, NOW(), 'fixed'),
('PSA1_FRE_Soc', 'Evaluer la sociabilité' ,27, NOW(), 'fixed'),
('PSA1_FRE_Tru', 'Evaluer le trait "Digne de confiance"' ,28, NOW(), 'fixed'),
('PSA1_FRE_Wei', 'Evaluer le trait "Bizarre"' ,29, NOW(), 'fixed'),
('PSA1_FRE_Old', 'Evaluer l\'âge' ,30, NOW(), 'fixed'),
('PSA1_FRE_Ratings', 'Ratings' ,31, NOW(), 'fixed'),
('PSA1_FRE', 'Expérience sur les visages' ,32, NOW(), 'fixed');

REPLACE INTO project (id, res_name, name, url, blurb, create_date) VALUES
(70, 'PSA1_FRE_test', 'Expérience sur les visages (FRE_test)','psa1_FRE_test', 'PSA1 Study: FRE_test', NOW() ),
(71, 'PSA1_FRE_BEL_001', 'Expérience sur les visages (BEL_001)','psa1_BEL_001', 'PSA1 Study: BEL_001', NOW() ),
(72, 'PSA1_FRE_FRA_003', ' (FRA_003)','psa1_FRA_003', 'PSA1 Study: FRA_003', NOW() ),
(73, 'PSA1_FRE_FRA_004', ' (FRA_004)','psa1_FRA_004', 'PSA1 Study: FRA_004', NOW() ),
(74, 'PSA1_FRE_FRA_005', ' (FRA_005)','psa1_FRA_005', 'PSA1 Study: FRA_005', NOW() ),
(75, 'PSA1_FRE_FRA_006', ' (FRA_006)','psa1_FRA_006', 'PSA1 Study: FRA_006', NOW() ),
(76, 'PSA1_FRE_SUI_003', ' (SUI_003)','psa1_SUI_003', 'PSA1 Study: SUI_003', NOW() );

REPLACE INTO project_items VALUES 
(70, 'set', 32, 1, NULL),
(71, 'set', 32, 1, NULL),
(72, 'set', 32, 1, NULL),
(73, 'set', 32, 1, NULL),
(74, 'set', 32, 1, NULL),
(75, 'set', 32, 1, NULL),
(76, 'set', 32, 1, NULL);

REPLACE INTO access (type, id, user_id) VALUES
('project', 70, 1),
('project', 71, 1),
('project', 72, 1),
('project', 73, 1),
('project', 74, 1),
('project', 75, 1),
('project', 76, 1);

UPDATE project SET intro="Dans cette étude on vous demandera de remplir un très cour questionnaire pour recueillir plusieurs informations, par exemple votre âge. On vous demandera ensuite d’évaluer 120 visages sur un trait donné. Après cela on vous demandera d’évaluer à nouveau ces mêmes visages pour le même trait. Veuillez cliquer sur le bouton ci-dessous pour consentir et commencer l’étude. " WHERE id >=70 AND id <=76;