UPDATE exp SET res_name='PSA_THA_Agg_1', name='ประเมินความก้าวร้าว', instructions='คุณจะเห็นใบหน้าบุคคลทั้งหมด 120 ภาพ กรุณาประเมินบุคคลในแต่ละภาพว่ามีความก้าวร้าวมากน้อยแค่ไหน โดยกดเลือกคะแนนที่ตรงกับความคิดเห็นของคุณมากที่สุด', question = 'บุคคลนี้เป็นคนก้าวร้าวแค่ไหน (เช่น มีแนวโน้มที่จะแสดงพฤติกรรมที่มุ่งร้าย)' WHERE id=309;
UPDATE exp SET res_name='PSA_THA_Att_1', name='ประเมินความน่าดึงดูดใจ', instructions='คุณจะเห็นใบหน้าบุคคลทั้งหมด 120 ภาพ กรุณาประเมินบุคคลในแต่ละภาพว่ามีความน่าดึงดูดใจมากน้อยแค่ไหน โดยกดเลือกคะแนนที่ตรงกับความคิดเห็นของคุณมากที่สุด', question = 'บุคคลนี้มีความน่าดึงดูดใจแค่ไหน (เช่น มีความสวยงามและมีเสน่ห์ ฯลฯ)' WHERE id=310;
UPDATE exp SET res_name='PSA_THA_Car_1', name='ประเมินความห่วงใยต่อผู้อื่น', instructions='คุณจะเห็นใบหน้าบุคคลทั้งหมด 120 ภาพ กรุณาประเมินบุคคลในแต่ละภาพว่ามีคุณลักษณะที่ห่วงใยผู้อื่นมากน้อยแค่ไหน โดยกดเลือกคะแนนที่ตรงกับความคิดเห็นของคุณมากที่สุด', question = 'บุคคลนี้มีลักษณะที่แสดงถึงการห่วงใยผู้อื่นแค่ไหน (เช่น รู้สึกหรือแสดงออกถึงความเห็นอกเห็นใจ)' WHERE id=311;
UPDATE exp SET res_name='PSA_THA_Con_1', name='ประเมินความมั่นใจ', instructions='คุณจะเห็นใบหน้าบุคคลทั้งหมด 120 ภาพ กรุณาประเมินบุคคลในแต่ละภาพว่ามีความมั่นใจมากน้อยแค่ไหน โดยกดเลือกคะแนนที่ตรงกับความคิดเห็นของคุณมากที่สุด', question = 'บุคคลนี้มีความมั่นใจแค่ไหน (เช่น แน่ใจในตนเอง ไม่สงสัยในความสามารถของตนเอง)' WHERE id=312;
UPDATE exp SET res_name='PSA_THA_Dom_1', name='ประเมินความมีอำนาจเหนือผู้อื่น', instructions='คุณจะเห็นใบหน้าบุคคลทั้งหมด 120 ภาพ กรุณาประเมินบุคคลในแต่ละภาพว่ามีอานาจเหนือผู้อื่นมากน้อยแค่ไหน โดยกดเลือกคะแนนที่ตรงกับความคิดเห็นของคุณมากที่สุด', question = 'บุคคลนี้มีลักษณะที่แสดงถึงการมีอานาจเหนือผู้อื่นแค่ไหน (เช่น ดูเป็นคนแข็งแกร่ง หรือ ดูเป็นคนสาคัญ)' WHERE id=313;
UPDATE exp SET res_name='PSA_THA_Emo_1', name='ประเมินความมั่นคงทางอารมณ์', instructions='คุณจะเห็นใบหน้าบุคคลทั้งหมด 120 ภาพ กรุณาประเมินบุคคลในแต่ละภาพว่ามีความมั่นคงทางอารมณ์มากน้อยแค่ไหน โดยกดเลือกคะแนนที่ตรงกับความคิดเห็นของคุณมากที่สุด', question = 'บุคคลนี้มีความมั่นคงทางอารมณ์แค่ไหน (เช่น เป็นผู้ที่มีสุขภาพจิตดี ไม่เป็นผู้ที่มีอารมณ์แปรปรวนหรือมีโรคทางจิต)' WHERE id=314;
UPDATE exp SET res_name='PSA_THA_Unh_1', name='ประเมินความทุกข์ใจ', instructions='คุณจะเห็นใบหน้าบุคคลทั้งหมด 120 ภาพ กรุณาประเมินบุคคลในแต่ละภาพว่ามีความทุกข์ใจมากน้อยแค่ไหน โดยกดเลือกคะแนนที่ตรงกับความคิดเห็นของคุณมากที่สุด', question = 'บุคคลนี้มีความทุกข์ใจแค่ไหน (เช่น ไม่สนุกสนาน เศร้า หรือซึม)' WHERE id=315;
UPDATE exp SET res_name='PSA_THA_Int_1', name='ประเมินระดับสติปัญญา', instructions='คุณจะเห็นใบหน้าบุคคลทั้งหมด 120 ภาพ กรุณาประเมินบุคคลในแต่ละภาพว่ามีสติปัญญามากน้อยแค่ไหน โดยกดเลือกคะแนนที่ตรงกับความคิดเห็นของคุณมากที่สุด', question = 'บุคคลนี้มีสติปัญญาแค่ไหน (เช่น มีความสามารถในการเข้าใจสิ่งต่างๆได้ดี หรือมีความสามารถทางปัญญาสูง)' WHERE id=316;
UPDATE exp SET res_name='PSA_THA_Mea_1', name='ประเมินความใจร้าย', instructions='คุณจะเห็นใบหน้าบุคคลทั้งหมด 120 ภาพ กรุณาประเมินบุคคลในแต่ละภาพว่ามีความใจร้ายมากน้อยแค่ไหน โดยกดเลือกคะแนนที่ตรงกับความคิดเห็นของคุณมากที่สุ', question = 'บุคคลนี้ใจร้ายแค่ไหน (เช่น สร้างความขุ่นเคือง เห็นแก่ตัว ไม่เอื้อเฟื้อ ร้ายกาจ)' WHERE id=317;
UPDATE exp SET res_name='PSA_THA_Res_1', name='ประเมินความรับผิดชอบ', instructions='คุณจะเห็นใบหน้าบุคคลทั้งหมด 120 ภาพ กรุณาประเมินบุคคลในแต่ละภาพว่ามีความรับผิดชอบมากน้อยแค่ไหน โดยกดเลือกคะแนนที่ตรงกับความคิดเห็นของคุณมากที่สุด', question = 'บุคคลนี้มีความรับผิดชอบแค่ไหน (เช่น สามารถตัดสินใจอย่างมีเหตุผลได้ด้วยตนเอง สามารถยอมรับผลของกระทาของตน)' WHERE id=318;
UPDATE exp SET res_name='PSA_THA_Soc_1', name='ประเมินทักษะการเข้าสังคม', instructions='คุณจะเห็นใบหน้าบุคคลทั้งหมด 120 ภาพ กรุณาประเมินบุคคลในแต่ละภาพว่ามีความสามารถในการเข้าสังคมมากน้อยแค่ไหน โดยกดเลือกคะแนนที่ตรงกับความคิดเห็นของคุณมากที่สุด', question = 'บุคคลนี้เข้าสังคมได้ดีแค่ไหน (เช่น เป็นมิตร หรือน่าคบหาสมาคม)' WHERE id=319;
UPDATE exp SET res_name='PSA_THA_Tru_1', name='ประเมินความน่าไว้วางใจ', instructions='คุณจะเห็นใบหน้าบุคคลทั้งหมด 120 ภาพ กรุณาประเมินบุคคลในแต่ละภาพว่ามีความน่าไว้วางใจมากน้อยแค่ไหน โดยกดเลือกคะแนนที่ตรงกับความคิดเห็นของคุณมากที่สุด', question = 'บุคคลนี้มีความน่าไว้วางใจแค่ไหน (เช่น ให้ความมั่นใจ เป็นที่พึ่งพาได้ น่าเชื่อถือ)' WHERE id=320;
UPDATE exp SET res_name='PSA_THA_Wei_1', name='ประเมินความประหลาด', instructions='คุณจะเห็นใบหน้าบุคคลทั้งหมด 120 ภาพ กรุณาประเมินบุคคลในแต่ละภาพว่ามีความประหลาดมากน้อยแค่ไหน โดยกดเลือกคะแนนที่ตรงกับความคิดเห็นของคุณมากที่สุ', question = 'บุคคลนี้ประหลาดแค่ไหน (เช่น แปลก พิลึกพิลั่น)' WHERE id=321;
UPDATE exp SET res_name='PSA_THA_Old_1', name='ประเมินอายุ', instructions='คุณจะเห็นใบหน้าบุคคลทั้งหมด 120 ภาพ กรุณาประเมินบุคคลในแต่ละภาพว่ามีความแก่มากน้อยแค่ไหน โดยกดเลือกคะแนนที่ตรงกับความคิดเห็นของคุณมากที่สุด', question = 'บุคคลนี้มีความแก่แค่ไหน (เช่น มีอายุมาก ไม่อ่อนเยาว์)' WHERE id=322;
UPDATE exp SET res_name='PSA_THA_Agg_2', name='ประเมินความก้าวร้าว', instructions='คุณจะเห็นใบหน้าบุคคลทั้งหมด 120 ภาพ กรุณาประเมินบุคคลในแต่ละภาพว่ามีความก้าวร้าวมากน้อยแค่ไหน โดยกดเลือกคะแนนที่ตรงกับความคิดเห็นของคุณมากที่สุด', question = 'บุคคลนี้เป็นคนก้าวร้าวแค่ไหน (เช่น มีแนวโน้มที่จะแสดงพฤติกรรมที่มุ่งร้าย)' WHERE id=323;
UPDATE exp SET res_name='PSA_THA_Att_2', name='ประเมินความน่าดึงดูดใจ', instructions='คุณจะเห็นใบหน้าบุคคลทั้งหมด 120 ภาพ กรุณาประเมินบุคคลในแต่ละภาพว่ามีความน่าดึงดูดใจมากน้อยแค่ไหน โดยกดเลือกคะแนนที่ตรงกับความคิดเห็นของคุณมากที่สุด', question = 'บุคคลนี้มีความน่าดึงดูดใจแค่ไหน (เช่น มีความสวยงามและมีเสน่ห์ ฯลฯ)' WHERE id=324;
UPDATE exp SET res_name='PSA_THA_Car_2', name='ประเมินความห่วงใยต่อผู้อื่น', instructions='คุณจะเห็นใบหน้าบุคคลทั้งหมด 120 ภาพ กรุณาประเมินบุคคลในแต่ละภาพว่ามีคุณลักษณะที่ห่วงใยผู้อื่นมากน้อยแค่ไหน โดยกดเลือกคะแนนที่ตรงกับความคิดเห็นของคุณมากที่สุด', question = 'บุคคลนี้มีลักษณะที่แสดงถึงการห่วงใยผู้อื่นแค่ไหน (เช่น รู้สึกหรือแสดงออกถึงความเห็นอกเห็นใจ)' WHERE id=325;
UPDATE exp SET res_name='PSA_THA_Con_2', name='ประเมินความมั่นใจ', instructions='คุณจะเห็นใบหน้าบุคคลทั้งหมด 120 ภาพ กรุณาประเมินบุคคลในแต่ละภาพว่ามีความมั่นใจมากน้อยแค่ไหน โดยกดเลือกคะแนนที่ตรงกับความคิดเห็นของคุณมากที่สุด', question = 'บุคคลนี้มีความมั่นใจแค่ไหน (เช่น แน่ใจในตนเอง ไม่สงสัยในความสามารถของตนเอง)' WHERE id=326;
UPDATE exp SET res_name='PSA_THA_Dom_2', name='ประเมินความมีอำนาจเหนือผู้อื่น', instructions='คุณจะเห็นใบหน้าบุคคลทั้งหมด 120 ภาพ กรุณาประเมินบุคคลในแต่ละภาพว่ามีอานาจเหนือผู้อื่นมากน้อยแค่ไหน โดยกดเลือกคะแนนที่ตรงกับความคิดเห็นของคุณมากที่สุด', question = 'บุคคลนี้มีลักษณะที่แสดงถึงการมีอานาจเหนือผู้อื่นแค่ไหน (เช่น ดูเป็นคนแข็งแกร่ง หรือ ดูเป็นคนสาคัญ)' WHERE id=327;
UPDATE exp SET res_name='PSA_THA_Emo_2', name='ประเมินความมั่นคงทางอารมณ์', instructions='คุณจะเห็นใบหน้าบุคคลทั้งหมด 120 ภาพ กรุณาประเมินบุคคลในแต่ละภาพว่ามีความมั่นคงทางอารมณ์มากน้อยแค่ไหน โดยกดเลือกคะแนนที่ตรงกับความคิดเห็นของคุณมากที่สุด', question = 'บุคคลนี้มีความมั่นคงทางอารมณ์แค่ไหน (เช่น เป็นผู้ที่มีสุขภาพจิตดี ไม่เป็นผู้ที่มีอารมณ์แปรปรวนหรือมีโรคทางจิต)' WHERE id=328;
UPDATE exp SET res_name='PSA_THA_Unh_2', name='ประเมินความทุกข์ใจ', instructions='คุณจะเห็นใบหน้าบุคคลทั้งหมด 120 ภาพ กรุณาประเมินบุคคลในแต่ละภาพว่ามีความทุกข์ใจมากน้อยแค่ไหน โดยกดเลือกคะแนนที่ตรงกับความคิดเห็นของคุณมากที่สุด', question = 'บุคคลนี้มีความทุกข์ใจแค่ไหน (เช่น ไม่สนุกสนาน เศร้า หรือซึม)' WHERE id=329;
UPDATE exp SET res_name='PSA_THA_Int_2', name='ประเมินระดับสติปัญญา', instructions='คุณจะเห็นใบหน้าบุคคลทั้งหมด 120 ภาพ กรุณาประเมินบุคคลในแต่ละภาพว่ามีสติปัญญามากน้อยแค่ไหน โดยกดเลือกคะแนนที่ตรงกับความคิดเห็นของคุณมากที่สุด', question = 'บุคคลนี้มีสติปัญญาแค่ไหน (เช่น มีความสามารถในการเข้าใจสิ่งต่างๆได้ดี หรือมีความสามารถทางปัญญาสูง)' WHERE id=330;
UPDATE exp SET res_name='PSA_THA_Mea_2', name='ประเมินความใจร้าย', instructions='คุณจะเห็นใบหน้าบุคคลทั้งหมด 120 ภาพ กรุณาประเมินบุคคลในแต่ละภาพว่ามีความใจร้ายมากน้อยแค่ไหน โดยกดเลือกคะแนนที่ตรงกับความคิดเห็นของคุณมากที่สุ', question = 'บุคคลนี้ใจร้ายแค่ไหน (เช่น สร้างความขุ่นเคือง เห็นแก่ตัว ไม่เอื้อเฟื้อ ร้ายกาจ)' WHERE id=331;
UPDATE exp SET res_name='PSA_THA_Res_2', name='ประเมินความรับผิดชอบ', instructions='คุณจะเห็นใบหน้าบุคคลทั้งหมด 120 ภาพ กรุณาประเมินบุคคลในแต่ละภาพว่ามีความรับผิดชอบมากน้อยแค่ไหน โดยกดเลือกคะแนนที่ตรงกับความคิดเห็นของคุณมากที่สุด', question = 'บุคคลนี้มีความรับผิดชอบแค่ไหน (เช่น สามารถตัดสินใจอย่างมีเหตุผลได้ด้วยตนเอง สามารถยอมรับผลของกระทาของตน)' WHERE id=332;
UPDATE exp SET res_name='PSA_THA_Soc_2', name='ประเมินทักษะการเข้าสังคม', instructions='คุณจะเห็นใบหน้าบุคคลทั้งหมด 120 ภาพ กรุณาประเมินบุคคลในแต่ละภาพว่ามีความสามารถในการเข้าสังคมมากน้อยแค่ไหน โดยกดเลือกคะแนนที่ตรงกับความคิดเห็นของคุณมากที่สุด', question = 'บุคคลนี้เข้าสังคมได้ดีแค่ไหน (เช่น เป็นมิตร หรือน่าคบหาสมาคม)' WHERE id=333;
UPDATE exp SET res_name='PSA_THA_Tru_2', name='ประเมินความน่าไว้วางใจ', instructions='คุณจะเห็นใบหน้าบุคคลทั้งหมด 120 ภาพ กรุณาประเมินบุคคลในแต่ละภาพว่ามีความน่าไว้วางใจมากน้อยแค่ไหน โดยกดเลือกคะแนนที่ตรงกับความคิดเห็นของคุณมากที่สุด', question = 'บุคคลนี้มีความน่าไว้วางใจแค่ไหน (เช่น ให้ความมั่นใจ เป็นที่พึ่งพาได้ น่าเชื่อถือ)' WHERE id=334;
UPDATE exp SET res_name='PSA_THA_Wei_2', name='ประเมินความประหลาด', instructions='คุณจะเห็นใบหน้าบุคคลทั้งหมด 120 ภาพ กรุณาประเมินบุคคลในแต่ละภาพว่ามีความประหลาดมากน้อยแค่ไหน โดยกดเลือกคะแนนที่ตรงกับความคิดเห็นของคุณมากที่สุ', question = 'บุคคลนี้ประหลาดแค่ไหน (เช่น แปลก พิลึกพิลั่น)' WHERE id=335;
UPDATE exp SET res_name='PSA_THA_Old_2', name='ประเมินอายุ', instructions='คุณจะเห็นใบหน้าบุคคลทั้งหมด 120 ภาพ กรุณาประเมินบุคคลในแต่ละภาพว่ามีความแก่มากน้อยแค่ไหน โดยกดเลือกคะแนนที่ตรงกับความคิดเห็นของคุณมากที่สุด', question = 'บุคคลนี้มีความแก่แค่ไหน (เช่น มีอายุมาก ไม่อ่อนเยาว์)' WHERE id=336;

REPLACE INTO set_items (set_id, item_type, item_id, item_n) VALUES 
(177, 'exp', 309, 1),
(178, 'exp', 310, 1),
(179, 'exp', 311, 1),
(180, 'exp', 312, 1),
(181, 'exp', 313, 1),
(182, 'exp', 314, 1),
(183, 'exp', 315, 1),
(184, 'exp', 316, 1),
(185, 'exp', 317, 1),
(186, 'exp', 318, 1),
(187, 'exp', 319, 1),
(188, 'exp', 320, 1),
(189, 'exp', 321, 1),
(190, 'exp', 322, 1),
(177, 'exp', 323, 2),
(178, 'exp', 324, 2),
(179, 'exp', 325, 2),
(180, 'exp', 326, 2),
(181, 'exp', 327, 2),
(182, 'exp', 328, 2),
(183, 'exp', 329, 2),
(184, 'exp', 330, 2),
(185, 'exp', 331, 2),
(186, 'exp', 332, 2),
(187, 'exp', 333, 2),
(188, 'exp', 334, 2),
(189, 'exp', 335, 2),
(190, 'exp', 336, 2),
(191, 'set', 177, 1),
(191, 'set', 178, 2),
(191, 'set', 179, 3),
(191, 'set', 180, 4),
(191, 'set', 181, 5),
(191, 'set', 182, 6),
(191, 'set', 183, 7),
(191, 'set', 184, 8),
(191, 'set', 185, 9),
(191, 'set', 186, 10),
(191, 'set', 187, 11),
(191, 'set', 188, 12),
(191, 'set', 189, 13),
(191, 'set', 190, 14),
(192, 'set', 191, 1);

REPLACE INTO access (type, id, user_id) VALUES
('exp', 309, 1),
('exp', 310, 1),
('exp', 311, 1),
('exp', 312, 1),
('exp', 313, 1),
('exp', 314, 1),
('exp', 315, 1),
('exp', 316, 1),
('exp', 317, 1),
('exp', 318, 1),
('exp', 319, 1),
('exp', 320, 1),
('exp', 321, 1),
('exp', 322, 1),
('exp', 323, 1),
('exp', 324, 1),
('exp', 325, 1),
('exp', 326, 1),
('exp', 327, 1),
('exp', 328, 1),
('exp', 329, 1),
('exp', 330, 1),
('exp', 331, 1),
('exp', 332, 1),
('exp', 333, 1),
('exp', 334, 1),
('exp', 335, 1),
('exp', 336, 1),
('sets', 177, 1),
('sets', 178, 1),
('sets', 179, 1),
('sets', 180, 1),
('sets', 181, 1),
('sets', 182, 1),
('sets', 183, 1),
('sets', 184, 1),
('sets', 185, 1),
('sets', 186, 1),
('sets', 187, 1),
('sets', 188, 1),
('sets', 189, 1),
('sets', 190, 1),
('sets', 191, 1),
('sets', 192, 1);

REPLACE INTO sets (res_name, name, id, create_date, type) VALUES 
('PSA1_THA_Agg', 'ประเมินความก้าวร้าว' ,177, NOW(), 'fixed'),
('PSA1_THA_Att', 'ประเมินความน่าดึงดูดใจ' ,178, NOW(), 'fixed'),
('PSA1_THA_Car', 'ประเมินความห่วงใยต่อผู้อื่น' ,179, NOW(), 'fixed'),
('PSA1_THA_Con', 'ประเมินความมั่นใจ' ,180, NOW(), 'fixed'),
('PSA1_THA_Dom', 'ประเมินความมีอำนาจเหนือผู้อื่น' ,181, NOW(), 'fixed'),
('PSA1_THA_Emo', 'ประเมินความมั่นคงทางอารมณ์' ,182, NOW(), 'fixed'),
('PSA1_THA_Unh', 'ประเมินความทุกข์ใจ' ,183, NOW(), 'fixed'),
('PSA1_THA_Int', 'ประเมินระดับสติปัญญา' ,184, NOW(), 'fixed'),
('PSA1_THA_Mea', 'ประเมินความใจร้าย' ,185, NOW(), 'fixed'),
('PSA1_THA_Res', 'ประเมินความรับผิดชอบ' ,186, NOW(), 'fixed'),
('PSA1_THA_Soc', 'ประเมินทักษะการเข้าสังคม' ,187, NOW(), 'fixed'),
('PSA1_THA_Tru', 'ประเมินความน่าไว้วางใจ' ,188, NOW(), 'fixed'),
('PSA1_THA_Wei', 'ประเมินความประหลาด' ,189, NOW(), 'fixed'),
('PSA1_THA_Old', 'ประเมินอายุ' ,190, NOW(), 'fixed'),
('PSA_THA_Ratings', 'Ratings' ,191, NOW(), 'one_random'),
('PSA1_THA', 'เริ่มการทดลอง' ,192, NOW(), 'fixed');

REPLACE INTO project (id, res_name, name, url, blurb, create_date) VALUES
(127, 'PSA1_THA_test', 'งานวิจัยใบหน้าบุคคล (THA_test)','psa1_THA_test', 'PSA1 Study: THA_test', NOW() ),
(128, 'PSA1_THA_TAI_001', 'งานวิจัยใบหน้าบุคคล (TAI_001)','psa1_TAI_001', 'PSA1 Study: TAI_001', NOW() ),
(129, 'PSA1_THA_TAI_002', 'งานวิจัยใบหน้าบุคคล (TAI_002)','psa1_TAI_002', 'PSA1 Study: TAI_002', NOW() );

REPLACE INTO project_items VALUES 
(127, 'set', 192, 1, NULL),
(128, 'set', 192, 1, NULL),
(129, 'set', 192, 1, NULL);

REPLACE INTO access (type, id, user_id) VALUES
('project', 127, 1),
('project', 128, 1),
('project', 129, 1);

UPDATE project SET intro='งานวิจัยนี้จะขอให้ท่านตอบแบบสอบถามสั้นๆเกี่ยวกับข้อมูลทั่วไปของท่าน เช่น อายุ หลังจากนั้นขอให้ท่านประเมินใบหน้าของบุคคลทั้งหมด 120 ภาพตามลักษณะนิสัยที่กำหนดให้ เมื่อท่านได้ประเมินใบหน้าทั้ง 120 ภาพครบถ้วนแล้ว ขอให้ท่านประเมินใบหน้าของบุคคลตามลักษณะนิสัยที่กำหนดให้ซ้ำอีกครั้งหนึ่ง กรุณากดปุ่มด้านล่างเพื่อแสดงความยินยอมเข้าร่วมการทดลองและเริ่มต้นการทดลอง' WHERE id >=127 AND id <=129;
UPDATE sets SET feedback_general = 'การทดลองครั้งนี้ได้เสร็จสิ้นลงแล้ว กรุณาแจ้งให้ผู้ดำเนินการทดลองทราบ' WHERE id = 192;