UPDATE exp SET res_name='PSA_SLO_Agg_1', name='Hodnotenie agresivity', instructions='Teraz uvidíš 120 tvárí. Pomocou tlačidla nad tvárou, prosím, označ, do akej miery je podľa Teba daná osoba agresívna.', question = 'Do akej miery je táto osoba agresívna (zvykne sa správať nepriateľsky)?' WHERE id=281;
UPDATE exp SET res_name='PSA_SLO_Att_1', name='Hodnotenie atraktivity', instructions='Teraz uvidíš 120 tvárí. Pomocou tlačidla nad tvárou, prosím, označ, do akej miery je podľa Teba daná osoba atraktívna.', question = 'Do akej miery je táto osoba atraktívna (pôsobí na zmysly svojou krásou, tvarom, charakterom)?' WHERE id=282;
UPDATE exp SET res_name='PSA_SLO_Car_1', name='Hodnotenie starostlivosti', instructions='Teraz uvidíš 120 tvárí. Pomocou tlačidla nad tvárou, prosím, označ, do akej miery je podľa Teba daná osoba starostlivá.', question = 'Do akej miery je táto osoba starostlivá (cíti a preukazuje súcit a opateru)?' WHERE id=283;
UPDATE exp SET res_name='PSA_SLO_Con_1', name='Hodnotenie sebavedomia', instructions='Teraz uvidíš 120 tvárí. Pomocou tlačidla nad tvárou, prosím, označ, do akej miery je podľa Teba daná osoba sebavedomá.', question = 'Do akej miery je táto osoba sebavedomá (istá sama sebou; nepochybuje o svojich schopnostiach)?' WHERE id=284;
UPDATE exp SET res_name='PSA_SLO_Dom_1', name='Hodnotenie dominancie', instructions='Teraz uvidíš 120 tvárí. Pomocou tlačidla nad tvárou, prosím, označ, do akej miery je podľa Teba daná osoba dominantná.', question = 'Do akej miery je táto osoba dominantná?' WHERE id=285;
UPDATE exp SET res_name='PSA_SLO_Emo_1', name='Hodnotenie emočnej stability', instructions='Teraz uvidíš 120 tvárí. Pomocou tlačidla nad tvárou, prosím, označ, do akej miery je podľa Teba daná osoba emočne stabilná.', question = 'Do akej miery je táto osoba emočne stabilná (príčetná; mentálne v poriadku; nepodlieha emočnej nestálosti)?' WHERE id=286;
UPDATE exp SET res_name='PSA_SLO_Unh_1', name='Hodnotenie nešťastia', instructions='Teraz uvidíš 120 tvárí. Pomocou tlačidla nad tvárou, prosím, označ, do akej miery je podľa Teba daná osoba nešťastná.', question = 'Do akej miery je táto osoba nešťastná (neradostná, smutná, skleslá)?' WHERE id=287;
UPDATE exp SET res_name='PSA_SLO_Int_1', name='Hodnotenie inteligencie', instructions='Teraz uvidíš 120 tvárí. Pomocou tlačidla nad tvárou, prosím, označ, do akej miery je podľa Teba daná osoba inteligentná.', question = 'Do akej miery je táto osoba inteligentná (má veľmi dobrú schopnosť porozumenia; má veľkú mentálnu kapacitu)?' WHERE id=288;
UPDATE exp SET res_name='PSA_SLO_Mea_1', name='Hodnotenie zlomyseľnosti', instructions='Teraz uvidíš 120 tvárí. Pomocou tlačidla nad tvárou, prosím, označ, do akej miery je podľa Teba daná osoba zlomyseľná.', question = 'Do akej miery je táto osoba zlomyseľná (nepríjemná; zlá; útočná; sebecká)?' WHERE id=289;
UPDATE exp SET res_name='PSA_SLO_Res_1', name='Hodnotenie zodpovednosti', instructions='Teraz uvidíš 120 tvárí. Pomocou tlačidla nad tvárou, prosím, označ, do akej miery je podľa Teba daná osoba zodpovedná.', question = 'Do akej miery je táto osoba zodpovedná (schopná vykonávať racionálne rozhodnutia bez dohľadu; nesie zodpovednosť za svoje činy)?' WHERE id=290;
UPDATE exp SET res_name='PSA_SLO_Soc_1', name='Hodnotenie spoločenskosti', instructions='Teraz uvidíš 120 tvárí. Pomocou tlačidla nad tvárou, prosím, označ, do akej miery je podľa Teba daná osoba spoločenská.', question = 'Do akej miery je táto osoba spoločenská (priateľská; družná)?' WHERE id=291;
UPDATE exp SET res_name='PSA_SLO_Tru_1', name='Hodnotenie dôveryhodnosti', instructions='Teraz uvidíš 120 tvárí. Pomocou tlačidla nad tvárou, prosím, označ, do akej miery je podľa Teba daná osoba dôveryhodná.', question = 'Do akej miery je táto osoba dôveryhodná (zasluhuje si dôveru; spoľahlivá)?' WHERE id=292;
UPDATE exp SET res_name='PSA_SLO_Wei_1', name='Hodnotenie čudnosti', instructions='Teraz uvidíš 120 tvárí. Pomocou tlačidla nad tvárou, prosím, označ, do akej miery je podľa Teba daná osoba čudná.', question = 'Do akej miery je táto osoba čudná (divná; zvláštna; bizarná)?' WHERE id=293;
UPDATE exp SET res_name='PSA_SLO_Old_1', name='Hodnotenie veku', instructions='Teraz uvidíš 120 tvárí. Pomocou tlačidla nad tvárou, prosím, označ, do akej miery je podľa Teba daná osoba stará.', question = 'Do akej miery je táto osoba stará (vyššieho veku; nie mladá)?' WHERE id=294;
UPDATE exp SET res_name='PSA_SLO_Agg_2', name='Hodnotenie agresivity', instructions='Teraz uvidíš 120 tvárí. Pomocou tlačidla nad tvárou, prosím, označ, do akej miery je podľa Teba daná osoba agresívna.', question = 'Do akej miery je táto osoba agresívna (zvykne sa správať nepriateľsky)?' WHERE id=295;
UPDATE exp SET res_name='PSA_SLO_Att_2', name='Hodnotenie atraktivity', instructions='Teraz uvidíš 120 tvárí. Pomocou tlačidla nad tvárou, prosím, označ, do akej miery je podľa Teba daná osoba atraktívna.', question = 'Do akej miery je táto osoba atraktívna (pôsobí na zmysly svojou krásou, tvarom, charakterom)?' WHERE id=296;
UPDATE exp SET res_name='PSA_SLO_Car_2', name='Hodnotenie starostlivosti', instructions='Teraz uvidíš 120 tvárí. Pomocou tlačidla nad tvárou, prosím, označ, do akej miery je podľa Teba daná osoba starostlivá.', question = 'Do akej miery je táto osoba starostlivá (cíti a preukazuje súcit a opateru)?' WHERE id=297;
UPDATE exp SET res_name='PSA_SLO_Con_2', name='Hodnotenie sebavedomia', instructions='Teraz uvidíš 120 tvárí. Pomocou tlačidla nad tvárou, prosím, označ, do akej miery je podľa Teba daná osoba sebavedomá.', question = 'Do akej miery je táto osoba sebavedomá (istá sama sebou; nepochybuje o svojich schopnostiach)?' WHERE id=298;
UPDATE exp SET res_name='PSA_SLO_Dom_2', name='Hodnotenie dominancie', instructions='Teraz uvidíš 120 tvárí. Pomocou tlačidla nad tvárou, prosím, označ, do akej miery je podľa Teba daná osoba dominantná.', question = 'Do akej miery je táto osoba dominantná?' WHERE id=299;
UPDATE exp SET res_name='PSA_SLO_Emo_2', name='Hodnotenie emočnej stability', instructions='Teraz uvidíš 120 tvárí. Pomocou tlačidla nad tvárou, prosím, označ, do akej miery je podľa Teba daná osoba emočne stabilná.', question = 'Do akej miery je táto osoba emočne stabilná (príčetná; mentálne v poriadku; nepodlieha emočnej nestálosti)?' WHERE id=300;
UPDATE exp SET res_name='PSA_SLO_Unh_2', name='Hodnotenie nešťastia', instructions='Teraz uvidíš 120 tvárí. Pomocou tlačidla nad tvárou, prosím, označ, do akej miery je podľa Teba daná osoba nešťastná.', question = 'Do akej miery je táto osoba nešťastná (neradostná, smutná, skleslá)?' WHERE id=301;
UPDATE exp SET res_name='PSA_SLO_Int_2', name='Hodnotenie inteligencie', instructions='Teraz uvidíš 120 tvárí. Pomocou tlačidla nad tvárou, prosím, označ, do akej miery je podľa Teba daná osoba inteligentná.', question = 'Do akej miery je táto osoba inteligentná (má veľmi dobrú schopnosť porozumenia; má veľkú mentálnu kapacitu)?' WHERE id=302;
UPDATE exp SET res_name='PSA_SLO_Mea_2', name='Hodnotenie zlomyseľnosti', instructions='Teraz uvidíš 120 tvárí. Pomocou tlačidla nad tvárou, prosím, označ, do akej miery je podľa Teba daná osoba zlomyseľná.', question = 'Do akej miery je táto osoba zlomyseľná (nepríjemná; zlá; útočná; sebecká)?' WHERE id=303;
UPDATE exp SET res_name='PSA_SLO_Res_2', name='Hodnotenie zodpovednosti', instructions='Teraz uvidíš 120 tvárí. Pomocou tlačidla nad tvárou, prosím, označ, do akej miery je podľa Teba daná osoba zodpovedná.', question = 'Do akej miery je táto osoba zodpovedná (schopná vykonávať racionálne rozhodnutia bez dohľadu; nesie zodpovednosť za svoje činy)?' WHERE id=304;
UPDATE exp SET res_name='PSA_SLO_Soc_2', name='Hodnotenie spoločenskosti', instructions='Teraz uvidíš 120 tvárí. Pomocou tlačidla nad tvárou, prosím, označ, do akej miery je podľa Teba daná osoba spoločenská.', question = 'Do akej miery je táto osoba spoločenská (priateľská; družná)?' WHERE id=305;
UPDATE exp SET res_name='PSA_SLO_Tru_2', name='Hodnotenie dôveryhodnosti', instructions='Teraz uvidíš 120 tvárí. Pomocou tlačidla nad tvárou, prosím, označ, do akej miery je podľa Teba daná osoba dôveryhodná.', question = 'Do akej miery je táto osoba dôveryhodná (zasluhuje si dôveru; spoľahlivá)?' WHERE id=306;
UPDATE exp SET res_name='PSA_SLO_Wei_2', name='Hodnotenie čudnosti', instructions='Teraz uvidíš 120 tvárí. Pomocou tlačidla nad tvárou, prosím, označ, do akej miery je podľa Teba daná osoba čudná.', question = 'Do akej miery je táto osoba čudná (divná; zvláštna; bizarná)?' WHERE id=307;
UPDATE exp SET res_name='PSA_SLO_Old_2', name='Hodnotenie veku', instructions='Teraz uvidíš 120 tvárí. Pomocou tlačidla nad tvárou, prosím, označ, do akej miery je podľa Teba daná osoba stará.', question = 'Do akej miery je táto osoba stará (vyššieho veku; nie mladá)?' WHERE id=308;

REPLACE INTO set_items (set_id, item_type, item_id, item_n) VALUES 
(161, 'exp', 281, 1),
(162, 'exp', 282, 1),
(163, 'exp', 283, 1),
(164, 'exp', 284, 1),
(165, 'exp', 285, 1),
(166, 'exp', 286, 1),
(167, 'exp', 287, 1),
(168, 'exp', 288, 1),
(169, 'exp', 289, 1),
(170, 'exp', 290, 1),
(171, 'exp', 291, 1),
(172, 'exp', 292, 1),
(173, 'exp', 293, 1),
(174, 'exp', 294, 1),
(161, 'exp', 295, 2),
(162, 'exp', 296, 2),
(163, 'exp', 297, 2),
(164, 'exp', 298, 2),
(165, 'exp', 299, 2),
(166, 'exp', 300, 2),
(167, 'exp', 301, 2),
(168, 'exp', 302, 2),
(169, 'exp', 303, 2),
(170, 'exp', 304, 2),
(171, 'exp', 305, 2),
(172, 'exp', 306, 2),
(173, 'exp', 307, 2),
(174, 'exp', 308, 2),
(175, 'set', 161, 1),
(175, 'set', 162, 2),
(175, 'set', 163, 3),
(175, 'set', 164, 4),
(175, 'set', 165, 5),
(175, 'set', 166, 6),
(175, 'set', 167, 7),
(175, 'set', 168, 8),
(175, 'set', 169, 9),
(175, 'set', 170, 10),
(175, 'set', 171, 11),
(175, 'set', 172, 12),
(175, 'set', 173, 13),
(175, 'set', 174, 14),
(176, 'set', 175, 1);

REPLACE INTO access (type, id, user_id) VALUES
('exp', 281, 1),
('exp', 282, 1),
('exp', 283, 1),
('exp', 284, 1),
('exp', 285, 1),
('exp', 286, 1),
('exp', 287, 1),
('exp', 288, 1),
('exp', 289, 1),
('exp', 290, 1),
('exp', 291, 1),
('exp', 292, 1),
('exp', 293, 1),
('exp', 294, 1),
('exp', 295, 1),
('exp', 296, 1),
('exp', 297, 1),
('exp', 298, 1),
('exp', 299, 1),
('exp', 300, 1),
('exp', 301, 1),
('exp', 302, 1),
('exp', 303, 1),
('exp', 304, 1),
('exp', 305, 1),
('exp', 306, 1),
('exp', 307, 1),
('exp', 308, 1),
('sets', 161, 1),
('sets', 162, 1),
('sets', 163, 1),
('sets', 164, 1),
('sets', 165, 1),
('sets', 166, 1),
('sets', 167, 1),
('sets', 168, 1),
('sets', 169, 1),
('sets', 170, 1),
('sets', 171, 1),
('sets', 172, 1),
('sets', 173, 1),
('sets', 174, 1),
('sets', 175, 1),
('sets', 176, 1);

REPLACE INTO sets (res_name, name, id, create_date, type) VALUES 
('PSA1_SLO_Agg', 'Hodnotenie agresivity' ,161, NOW(), 'fixed'),
('PSA1_SLO_Att', 'Hodnotenie atraktivity' ,162, NOW(), 'fixed'),
('PSA1_SLO_Car', 'Hodnotenie starostlivosti' ,163, NOW(), 'fixed'),
('PSA1_SLO_Con', 'Hodnotenie sebavedomia' ,164, NOW(), 'fixed'),
('PSA1_SLO_Dom', 'Hodnotenie dominancie' ,165, NOW(), 'fixed'),
('PSA1_SLO_Emo', 'Hodnotenie emočnej stability' ,166, NOW(), 'fixed'),
('PSA1_SLO_Unh', 'Hodnotenie nešťastia' ,167, NOW(), 'fixed'),
('PSA1_SLO_Int', 'Hodnotenie inteligencie' ,168, NOW(), 'fixed'),
('PSA1_SLO_Mea', 'Hodnotenie zlomyseľnosti' ,169, NOW(), 'fixed'),
('PSA1_SLO_Res', 'Hodnotenie zodpovednosti' ,170, NOW(), 'fixed'),
('PSA1_SLO_Soc', 'Hodnotenie spoločenskosti' ,171, NOW(), 'fixed'),
('PSA1_SLO_Tru', 'Hodnotenie dôveryhodnosti' ,172, NOW(), 'fixed'),
('PSA1_SLO_Wei', 'Hodnotenie čudnosti' ,173, NOW(), 'fixed'),
('PSA1_SLO_Old', 'Hodnotenie veku' ,174, NOW(), 'fixed'),
('PSA_SLO_Ratings', 'Ratings' ,175, NOW(), 'one_random'),
('PSA1_SLO', 'Začiatok štúdie' ,176, NOW(), 'fixed');

REPLACE INTO project (id, res_name, name, url, blurb, create_date) VALUES
(124, 'PSA1_SLO_test', 'Štúdia hodnotenia tvárí (SLO_test)','psa1_SLO_test', 'PSA1 Study: SLO_test', NOW() ),
(125, 'PSA1_SLO_SVK_001', 'Štúdia hodnotenia tvárí (SVK_001)','psa1_SVK_001', 'PSA1 Study: SVK_001', NOW() ),
(126, 'PSA1_SLO_SVK_002', 'Štúdia hodnotenia tvárí (SVK_002)','psa1_SVK_002', 'PSA1 Study: SVK_002', NOW() );

REPLACE INTO project_items VALUES 
(124, 'set', 176, 1, NULL),
(125, 'set', 176, 1, NULL),
(126, 'set', 176, 1, NULL);

REPLACE INTO access (type, id, user_id) VALUES
('project', 124, 1),
('project', 125, 1),
('project', 126, 1);

UPDATE project SET intro='V tomto výskume by sme Ťa radi poprosili o vyplnenie veľmi krátkeho dotazníka dopytujúceho sa napríklad na Tvoj vek. Potom Ťa prosíme o posúdenie istej črty u 120 tvárí. Následne by sme boli radi, ak by si posúdil tú istú črtu u tých istých tvárí ešte raz. Ak súhlasíš, kliknutím na tlačítko nižšie môžeš začať.' WHERE id >=124 AND id <=126;
UPDATE sets SET feedback_general = 'Toto je záver štúdie. Prosím povedz výskumníkovi, že si skončil.' WHERE id = 176;

