UPDATE exp SET res_name='PSA1_ITA_Agg_1', name='Rating aggressiveness', instructions='Vedrà 120 volti. Per favore indichi quanto pensa che sia aggressiva ciascuna di queste persone cliccando il pulsante sopra al volto che meglio rappresenta il suo giudizio. ', question = 'Quanto è aggressiva (ovvero, incline a comportarsi in maniera ostile) questa persona?' WHERE id=57;
UPDATE exp SET res_name='PSA1_ITA_Att_1', name='Rating attractiveness', instructions='Vedrà 120 volti. Per favore indichi quanto pensa che sia attraente ciascuna di queste persone cliccando il pulsante sopra al volto che meglio rappresenta il suo giudizio.', question = 'Quanto è attraente (ovvero, piacevole ai sensi per bellezza, aspetto, carattere, ecc.) questa persona?' WHERE id=58;
UPDATE exp SET res_name='PSA1_ITA_Car_1', name='Rating caringness', instructions='Vedrà 120 volti. Per favore indichi quanto pensa che sia premurosa ciascuna di queste persone cliccando il pulsante sopra al volto che meglio rappresenta il suo giudizio.', question = 'Quanto è premurosa (ovvero, che mostra compassione) questa persona?' WHERE id=59;
UPDATE exp SET res_name='PSA1_ITA_Con_1', name='Rating confidence', instructions='Vedrà 120 volti. Per favore indichi quanto pensa che sia sicura ciascuna di queste persone cliccando il pulsante sopra al volto che meglio rappresenta il suo giudizio.', question = 'Quanto è sicura (ovvero, fiduciosa in se stessa; che non ha incertezze sulle proprie abilità) questa persona?' WHERE id=60;
UPDATE exp SET res_name='PSA1_ITA_Dom_1', name='Rating dominance', instructions='Vedrà 120 volti. Per favore indichi quanto pensa che sia dominante ciascuna di queste persone cliccando il pulsante sopra al volto che meglio rappresenta il suo giudizio.', question = 'Quanto è dominante (ovvero, forte; importante) questa persona?' WHERE id=61;
UPDATE exp SET res_name='PSA1_ITA_Emo_1', name='Rating emotional stability', instructions='Vedrà 120 volti. Per favore indichi quanto pensa che sia emotivamente stabile ciascuna di queste persone cliccando il pulsante sopra al volto che meglio rappresenta il suo giudizio.', question = 'Quanto è emotivamente stabile (ovvero, non soggetta a instabilità emotiva; sana di mente) questa persona?' WHERE id=62;
UPDATE exp SET res_name='PSA1_ITA_Unh_1', name='Rating unhappiness', instructions='Vedrà 120 volti. Per favore indichi quanto pensa che sia infelice ciascuna di queste persone cliccando il pulsante sopra al volto che meglio rappresenta il suo giudizio.', question = 'Quanto è infelice (ovvero, non gioiosa; triste o depressa) questa persona?' WHERE id=63;
UPDATE exp SET res_name='PSA1_ITA_Int_1', name='Rating intelligence', instructions='Vedrà 120 volti. Per favore indichi quanto pensa che sia intelligente ciascuna di queste persone cliccando il pulsante sopra al volto che meglio rappresenta il suo giudizio.', question = 'Quanto è intelligente (ovvero, che ha una buona capacità di comprensione o un’alta capacità mentale) questa persona?' WHERE id=64;
UPDATE exp SET res_name='PSA1_ITA_Mea_1', name='Rating meanness', instructions='Vedrà 120 volti. Per favore indichi quanto pensa che sia meschina ciascuna di queste persone cliccando il pulsante sopra al volto che meglio rappresenta il suo giudizio.', question = 'Quanto è meschina (ovvero, offensiva, egoista o odiosa; cattiva; maligna) questa persona?' WHERE id=65;
UPDATE exp SET res_name='PSA1_ITA_Res_1', name='Rating responsibility', instructions='Vedrà 120 volti. Per favore indichi quanto pensa che sia responsabile ciascuna di queste persone cliccando il pulsante sopra al volto che meglio rappresenta il suo giudizio.', question = 'Quanto è responsabile (ovvero, in grado di prendere decisioni razionali senza supervisione; responsabile delle proprie azioni) questa persona?' WHERE id=66;
UPDATE exp SET res_name='PSA1_ITA_Soc_1', name='Rating sociability', instructions='Vedrà 120 volti. Per favore indichi quanto pensa che sia socievole ciascuna di queste persone cliccando il pulsante sopra al volto che meglio rappresenta il suo giudizio.', question = 'Quanto è socievole (ovvero, amichevole; di compagnia) è questa persona?' WHERE id=67;
UPDATE exp SET res_name='PSA1_ITA_Tru_1', name='Rating trustworthiness', instructions='Vedrà 120 volti. Per favore indichi quanto pensa che sia affidabile ciascuna di queste persone cliccando il pulsante sopra al volto che meglio rappresenta il suo giudizio.', question = 'Quanto è affidabile (ovvero, degna di fiducia; fidata; attendibile) questa persona?' WHERE id=68;
UPDATE exp SET res_name='PSA1_ITA_Wei_1', name='Rating weirdness', instructions='Vedrà 120 volti. Per favore indichi quanto pensa che sia strana ciascuna di queste persone cliccando il pulsante sopra al volto che meglio rappresenta il suo giudizio.', question = 'Quanto è strana (ovvero, stramba o bizzarra) questa persona?' WHERE id=69;
UPDATE exp SET res_name='PSA1_ITA_Old_1', name='Rating age', instructions='Vedrà 120 volti. Per favore indichi quanto pensa che sia vecchia ciascuna di queste persone cliccando il pulsante sopra al volto che meglio rappresenta il suo giudizio.', question = 'Quanto è vecchia (ovvero, quanto è su con l’età; non giovane) questa persona?' WHERE id=70;
UPDATE exp SET res_name='PSA1_ITA_Agg_2', name='Rating aggressiveness', instructions='Vedrà 120 volti. Per favore indichi quanto pensa che sia aggressiva ciascuna di queste persone cliccando il pulsante sopra al volto che meglio rappresenta il suo giudizio. ', question = 'Quanto è aggressiva (ovvero, incline a comportarsi in maniera ostile) questa persona?' WHERE id=71;
UPDATE exp SET res_name='PSA1_ITA_Att_2', name='Rating attractiveness', instructions='Vedrà 120 volti. Per favore indichi quanto pensa che sia attraente ciascuna di queste persone cliccando il pulsante sopra al volto che meglio rappresenta il suo giudizio.', question = 'Quanto è attraente (ovvero, piacevole ai sensi per bellezza, aspetto, carattere, ecc.) questa persona?' WHERE id=72;
UPDATE exp SET res_name='PSA1_ITA_Car_2', name='Rating caringness', instructions='Vedrà 120 volti. Per favore indichi quanto pensa che sia premurosa ciascuna di queste persone cliccando il pulsante sopra al volto che meglio rappresenta il suo giudizio.', question = 'Quanto è premurosa (ovvero, che mostra compassione) questa persona?' WHERE id=73;
UPDATE exp SET res_name='PSA1_ITA_Con_2', name='Rating confidence', instructions='Vedrà 120 volti. Per favore indichi quanto pensa che sia sicura ciascuna di queste persone cliccando il pulsante sopra al volto che meglio rappresenta il suo giudizio.', question = 'Quanto è sicura (ovvero, fiduciosa in se stessa; che non ha incertezze sulle proprie abilità) questa persona?' WHERE id=74;
UPDATE exp SET res_name='PSA1_ITA_Dom_2', name='Rating dominance', instructions='Vedrà 120 volti. Per favore indichi quanto pensa che sia dominante ciascuna di queste persone cliccando il pulsante sopra al volto che meglio rappresenta il suo giudizio.', question = 'Quanto è dominante (ovvero, forte; importante) questa persona?' WHERE id=75;
UPDATE exp SET res_name='PSA1_ITA_Emo_2', name='Rating emotional stability', instructions='Vedrà 120 volti. Per favore indichi quanto pensa che sia emotivamente stabile ciascuna di queste persone cliccando il pulsante sopra al volto che meglio rappresenta il suo giudizio.', question = 'Quanto è emotivamente stabile (ovvero, non soggetta a instabilità emotiva; sana di mente) questa persona?' WHERE id=76;
UPDATE exp SET res_name='PSA1_ITA_Unh_2', name='Rating unhappiness', instructions='Vedrà 120 volti. Per favore indichi quanto pensa che sia infelice ciascuna di queste persone cliccando il pulsante sopra al volto che meglio rappresenta il suo giudizio.', question = 'Quanto è infelice (ovvero, non gioiosa; triste o depressa) questa persona?' WHERE id=77;
UPDATE exp SET res_name='PSA1_ITA_Int_2', name='Rating intelligence', instructions='Vedrà 120 volti. Per favore indichi quanto pensa che sia intelligente ciascuna di queste persone cliccando il pulsante sopra al volto che meglio rappresenta il suo giudizio.', question = 'Quanto è intelligente (ovvero, che ha una buona capacità di comprensione o un’alta capacità mentale) questa persona?' WHERE id=78;
UPDATE exp SET res_name='PSA1_ITA_Mea_2', name='Rating meanness', instructions='Vedrà 120 volti. Per favore indichi quanto pensa che sia meschina ciascuna di queste persone cliccando il pulsante sopra al volto che meglio rappresenta il suo giudizio.', question = 'Quanto è meschina (ovvero, offensiva, egoista o odiosa; cattiva; maligna) questa persona?' WHERE id=79;
UPDATE exp SET res_name='PSA1_ITA_Res_2', name='Rating responsibility', instructions='Vedrà 120 volti. Per favore indichi quanto pensa che sia responsabile ciascuna di queste persone cliccando il pulsante sopra al volto che meglio rappresenta il suo giudizio.', question = 'Quanto è responsabile (ovvero, in grado di prendere decisioni razionali senza supervisione; responsabile delle proprie azioni) questa persona?' WHERE id=80;
UPDATE exp SET res_name='PSA1_ITA_Soc_2', name='Rating sociability', instructions='Vedrà 120 volti. Per favore indichi quanto pensa che sia socievole ciascuna di queste persone cliccando il pulsante sopra al volto che meglio rappresenta il suo giudizio.', question = 'Quanto è socievole (ovvero, amichevole; di compagnia) è questa persona?' WHERE id=81;
UPDATE exp SET res_name='PSA1_ITA_Tru_2', name='Rating trustworthiness', instructions='Vedrà 120 volti. Per favore indichi quanto pensa che sia affidabile ciascuna di queste persone cliccando il pulsante sopra al volto che meglio rappresenta il suo giudizio.', question = 'Quanto è affidabile (ovvero, degna di fiducia; fidata; attendibile) questa persona?' WHERE id=82;
UPDATE exp SET res_name='PSA1_ITA_Wei_2', name='Rating weirdness', instructions='Vedrà 120 volti. Per favore indichi quanto pensa che sia strana ciascuna di queste persone cliccando il pulsante sopra al volto che meglio rappresenta il suo giudizio.', question = 'Quanto è strana (ovvero, stramba o bizzarra) questa persona?' WHERE id=83;
UPDATE exp SET res_name='PSA1_ITA_Old_2', name='Rating age', instructions='Vedrà 120 volti. Per favore indichi quanto pensa che sia vecchia ciascuna di queste persone cliccando il pulsante sopra al volto che meglio rappresenta il suo giudizio.', question = 'Quanto è vecchia (ovvero, quanto è su con l’età; non giovane) questa persona?' WHERE id=84;

REPLACE INTO set_items (set_id, item_type, item_id, item_n) VALUES 
(33, 'exp', 57, 1),
(34, 'exp', 58, 1),
(35, 'exp', 59, 1),
(36, 'exp', 60, 1),
(37, 'exp', 61, 1),
(38, 'exp', 62, 1),
(39, 'exp', 63, 1),
(40, 'exp', 64, 1),
(41, 'exp', 65, 1),
(42, 'exp', 66, 1),
(43, 'exp', 67, 1),
(44, 'exp', 68, 1),
(45, 'exp', 69, 1),
(46, 'exp', 70, 1),
(33, 'exp', 71, 2),
(34, 'exp', 72, 2),
(35, 'exp', 73, 2),
(36, 'exp', 74, 2),
(37, 'exp', 75, 2),
(38, 'exp', 76, 2),
(39, 'exp', 77, 2),
(40, 'exp', 78, 2),
(41, 'exp', 79, 2),
(42, 'exp', 80, 2),
(43, 'exp', 81, 2),
(44, 'exp', 82, 2),
(45, 'exp', 83, 2),
(46, 'exp', 84, 2),
(47, 'set', 33, 1),
(47, 'set', 34, 2),
(47, 'set', 35, 3),
(47, 'set', 36, 4),
(47, 'set', 37, 5),
(47, 'set', 38, 6),
(47, 'set', 39, 7),
(47, 'set', 40, 8),
(47, 'set', 41, 9),
(47, 'set', 42, 10),
(47, 'set', 43, 11),
(47, 'set', 44, 12),
(47, 'set', 45, 13),
(47, 'set', 46, 14),
(48, 'set', 47, 1);

REPLACE INTO access (type, id, user_id) VALUES
('exp', 57, 1),
('exp', 58, 1),
('exp', 59, 1),
('exp', 60, 1),
('exp', 61, 1),
('exp', 62, 1),
('exp', 63, 1),
('exp', 64, 1),
('exp', 65, 1),
('exp', 66, 1),
('exp', 67, 1),
('exp', 68, 1),
('exp', 69, 1),
('exp', 70, 1),
('exp', 71, 1),
('exp', 72, 1),
('exp', 73, 1),
('exp', 74, 1),
('exp', 75, 1),
('exp', 76, 1),
('exp', 77, 1),
('exp', 78, 1),
('exp', 79, 1),
('exp', 80, 1),
('exp', 81, 1),
('exp', 82, 1),
('exp', 83, 1),
('exp', 84, 1),
('sets', 33, 1),
('sets', 34, 1),
('sets', 35, 1),
('sets', 36, 1),
('sets', 37, 1),
('sets', 38, 1),
('sets', 39, 1),
('sets', 40, 1),
('sets', 41, 1),
('sets', 42, 1),
('sets', 43, 1),
('sets', 44, 1),
('sets', 45, 1),
('sets', 46, 1),
('sets', 47, 1),
('sets', 48, 1);

REPLACE INTO sets (res_name, name, id, create_date, type) VALUES 
('PSA1_ITA_Agg', 'Rating aggressiveness' ,33, NOW(), 'fixed'),
('PSA1_ITA_Att', 'Rating attractiveness' ,34, NOW(), 'fixed'),
('PSA1_ITA_Car', 'Rating caringness' ,35, NOW(), 'fixed'),
('PSA1_ITA_Con', 'Rating confidence' ,36, NOW(), 'fixed'),
('PSA1_ITA_Dom', 'Rating dominance' ,37, NOW(), 'fixed'),
('PSA1_ITA_Emo', 'Rating emotional stability' ,38, NOW(), 'fixed'),
('PSA1_ITA_Unh', 'Rating unhappiness' ,39, NOW(), 'fixed'),
('PSA1_ITA_Int', 'Rating intelligence' ,40, NOW(), 'fixed'),
('PSA1_ITA_Mea', 'Rating meanness' ,41, NOW(), 'fixed'),
('PSA1_ITA_Res', 'Rating responsibility' ,42, NOW(), 'fixed'),
('PSA1_ITA_Soc', 'Rating sociability' ,43, NOW(), 'fixed'),
('PSA1_ITA_Tru', 'Rating trustworthiness' ,44, NOW(), 'fixed'),
('PSA1_ITA_Wei', 'Rating weirdness' ,45, NOW(), 'fixed'),
('PSA1_ITA_Old', 'Rating age' ,46, NOW(), 'fixed'),
('PSA1_ITA_Ratings', 'Ratings' ,47, NOW(), 'one_random'),
('PSA1_ITA', 'Face Study' ,48, NOW(), 'fixed');

REPLACE INTO project (id, res_name, name, url, blurb) VALUES
(77, 'PSA1_ITA_test', 'Face Study (ITA_test)','psa1_ITA_test', 'PSA1 Study: ITA_test' ),
(78, 'PSA1_ITA_ITA_001', 'Face Study (ITA_001)','psa1_ITA_001', 'PSA1 Study: ITA_001' ),
(79, 'PSA1_ITA_ITA_003', 'Face Study (ITA_003)','psa1_ITA_003', 'PSA1 Study: ITA_003' );

REPLACE INTO project_items VALUES 
(77, 'set', 48, 1, NULL),
(78, 'set', 48, 1, NULL),
(79, 'set', 48, 1, NULL);

REPLACE INTO access (type, id, user_id) VALUES
('project', 77, 1),
('project', 78, 1),
('project', 79, 1);

UPDATE project SET intro="In questo studio ti sarà chiesto di completare un brevissimo questionario che raccoglierà informazioni su di te, ad esempio la tua età. Ti sarà poi chiesto di valutare 120 volti attraverso una specifica caratteristica. Dopodiché, ti sarà chiesto di valutare nuovamente gli stessi volti sulla stessa caratteristica. Per cortesia, clicca il pulsante sotto per fornire il consenso e cominciare lo studio." WHERE id >=77 AND id <=79;