UPDATE exp SET res_name='PSA_SV_Agg_1', name='Aggressivitet', instructions='Du kommer att få se 120 ansikten. Vänligen ange hur aggressiv du tycker att varje person verkar genom att klicka på den knapp ovanför ansiktet som bäst motsvarar din bedömning.', question = 'Hur aggressiv (dvs. benägen att bete sig på ett fientligt sätt) är denna person?' WHERE id=617;
UPDATE exp SET res_name='PSA_SV_Att_1', name='Attraktivitet', instructions='Du kommer att få se 120 ansikten. Vänligen ange hur attraktiv du tycker att varje person är genom att klicka på den knapp ovanför ansiktet som bäst motsvarar din bedömning.', question = 'Hur attraktiv (dvs. tilltalande genom skönhet, form, karaktär, etc.) är denna person?' WHERE id=618;
UPDATE exp SET res_name='PSA_SV_Car_1', name='Omtänksamhet', instructions='Du kommer att få se 120 ansikten. Vänligen ange hur omtänksam du tycker att varje person verkar genom att klicka på den knapp ovanför ansiktet som bäst motsvarar din bedömning.', question = 'Hur omtänksam (dvs. känner eller visar medkänsla) är denna person?' WHERE id=619;
UPDATE exp SET res_name='PSA_SV_Con_1', name='Självsäkerhet', instructions='Du kommer att få se 120 ansikten. Vänligen ange hur självsäker du tycker att varje person verkar genom att klicka på den knapp ovanför ansiktet som bäst motsvarar din bedömning.', question = 'Hur självsäker (dvs. säker på sig själv; saknar tvivel kring sina egna förmågor) är denna person?' WHERE id=620;
UPDATE exp SET res_name='PSA_SV_Dom_1', name='Dominans', instructions='Du kommer att få se 120 ansikten. Vänligen ange hur dominant du tycker att varje person verkar genom att klicka på den knapp ovanför ansiktet som bäst motsvarar din bedömning.', question = 'Hur dominant (dvs. stark; betydelsefull) är denna person?' WHERE id=621;
UPDATE exp SET res_name='PSA_SV_Emo_1', name='Känslomässig stabilitet', instructions='Du kommer att få se 120 ansikten. Vänligen ange hur känslomässigt stabil du tycker att varje person verkar genom att klicka på den knapp ovanför ansiktet som bäst motsvarar din bedömning.', question = 'Hur känslomässigt stabil (dvs. uppvisar inte emotionell instabilitet eller sjukdom; tillräknelig; mentalt frisk) är denna person?' WHERE id=622;
UPDATE exp SET res_name='PSA_SV_Unh_1', name='Nedstämdhet', instructions='Du kommer att få se 120 ansikten. Vänligen ange hur nedstämd du tycker att varje person verkar genom att klicka på den knapp ovanför ansiktet som bäst motsvarar din bedömning.', question = 'Hur nedstämd (dvs. inte glad; ledsen eller deprimerad) är denna person?' WHERE id=623;
UPDATE exp SET res_name='PSA_SV_Int_1', name='Intelligens', instructions='Du kommer att få se 120 ansikten. Vänligen ange hur intelligent du tycker att varje person verkar genom att klicka på den knapp ovanför ansiktet som bäst motsvarar din bedömning.', question = 'Hur intelligent (dvs. har god fattningsförmåga eller hög mental kapacitet) är denna person?' WHERE id=624;
UPDATE exp SET res_name='PSA_SV_Mea_1', name='Elakhet', instructions='Du kommer att få se 120 ansikten. Vänligen ange hur elak du tycker att varje person verkar genom att klicka på den knapp ovanför ansiktet som bäst motsvarar din bedömning.', question = 'Hur elak (dvs. kränkande, självisk eller omedgörlig; stygg; illvillig) är denna person?' WHERE id=625;
UPDATE exp SET res_name='PSA_SV_Res_1', name='Ansvarsfullhet', instructions='Du kommer att få se 120 ansikten. Vänligen ange hur ansvarsfull du tycker att varje person verkar genom att klicka på den knapp ovanför ansiktet som bäst motsvarar din bedömning.', question = 'Hur ansvarsfull (dvs. förmögen att fatta rationella beslut på egen hand; står till svars för sina egna handlingar) är denna person?' WHERE id=626;
UPDATE exp SET res_name='PSA_SV_Soc_1', name='Social', instructions='Du kommer att få se 120 ansikten. Vänligen ange hur social du tycker att varje person verkar genom att klicka på den knapp ovanför ansiktet som bäst motsvarar din bedömning.', question = 'Hur social (dvs. vänskaplig eller trevlig att vara med; sällskaplig) är denna person?' WHERE id=627;
UPDATE exp SET res_name='PSA_SV_Tru_1', name='Pålitlighet', instructions='Du kommer att få se 120 ansikten. Vänligen ange hur pålitlig du tycker att varje person verkar genom att klicka på den knapp ovanför ansiktet som bäst motsvarar din bedömning.', question = 'Hur pålitlig (dvs. förtjänar förtroende; går att lita på; tillförlitlig) är denna person?' WHERE id=628;
UPDATE exp SET res_name='PSA_SV_Wei_1', name='Konstighet', instructions='Du kommer att få se 120 ansikten. Vänligen ange hur konstig du tycker att varje person verkar genom att klicka på den knapp ovanför ansiktet som bäst motsvarar din bedömning.', question = 'Hur konstig (dvs. märklig eller udda) är denna person?' WHERE id=629;
UPDATE exp SET res_name='PSA_SV_Old_1', name='Gammal', instructions='Du kommer att få se 120 ansikten. Vänligen ange hur gammal du tycker att varje person verkar genom att klicka på den knapp ovanför ansiktet som bäst motsvarar din bedömning.', question = 'Hur gammal (dvs. har en hög ålder; inte ung) är denna person?' WHERE id=630;
UPDATE exp SET res_name='PSA_SV_Agg_2', name='Aggressivitet', instructions='Du kommer att få se 120 ansikten. Vänligen ange hur aggressiv du tycker att varje person verkar genom att klicka på den knapp ovanför ansiktet som bäst motsvarar din bedömning.', question = 'Hur aggressiv (dvs. benägen att bete sig på ett fientligt sätt) är denna person?' WHERE id=631;
UPDATE exp SET res_name='PSA_SV_Att_2', name='Attraktivitet', instructions='Du kommer att få se 120 ansikten. Vänligen ange hur attraktiv du tycker att varje person är genom att klicka på den knapp ovanför ansiktet som bäst motsvarar din bedömning.', question = 'Hur attraktiv (dvs. tilltalande genom skönhet, form, karaktär, etc.) är denna person?' WHERE id=632;
UPDATE exp SET res_name='PSA_SV_Car_2', name='Omtänksamhet', instructions='Du kommer att få se 120 ansikten. Vänligen ange hur omtänksam du tycker att varje person verkar genom att klicka på den knapp ovanför ansiktet som bäst motsvarar din bedömning.', question = 'Hur omtänksam (dvs. känner eller visar medkänsla) är denna person?' WHERE id=633;
UPDATE exp SET res_name='PSA_SV_Con_2', name='Självsäkerhet', instructions='Du kommer att få se 120 ansikten. Vänligen ange hur självsäker du tycker att varje person verkar genom att klicka på den knapp ovanför ansiktet som bäst motsvarar din bedömning.', question = 'Hur självsäker (dvs. säker på sig själv; saknar tvivel kring sina egna förmågor) är denna person?' WHERE id=634;
UPDATE exp SET res_name='PSA_SV_Dom_2', name='Dominans', instructions='Du kommer att få se 120 ansikten. Vänligen ange hur dominant du tycker att varje person verkar genom att klicka på den knapp ovanför ansiktet som bäst motsvarar din bedömning.', question = 'Hur dominant (dvs. stark; betydelsefull) är denna person?' WHERE id=635;
UPDATE exp SET res_name='PSA_SV_Emo_2', name='Känslomässig stabilitet', instructions='Du kommer att få se 120 ansikten. Vänligen ange hur känslomässigt stabil du tycker att varje person verkar genom att klicka på den knapp ovanför ansiktet som bäst motsvarar din bedömning.', question = 'Hur känslomässigt stabil (dvs. uppvisar inte emotionell instabilitet eller sjukdom; tillräknelig; mentalt frisk) är denna person?' WHERE id=636;
UPDATE exp SET res_name='PSA_SV_Unh_2', name='Nedstämdhet', instructions='Du kommer att få se 120 ansikten. Vänligen ange hur nedstämd du tycker att varje person verkar genom att klicka på den knapp ovanför ansiktet som bäst motsvarar din bedömning.', question = 'Hur nedstämd (dvs. inte glad; ledsen eller deprimerad) är denna person?' WHERE id=637;
UPDATE exp SET res_name='PSA_SV_Int_2', name='Intelligens', instructions='Du kommer att få se 120 ansikten. Vänligen ange hur intelligent du tycker att varje person verkar genom att klicka på den knapp ovanför ansiktet som bäst motsvarar din bedömning.', question = 'Hur intelligent (dvs. har god fattningsförmåga eller hög mental kapacitet) är denna person?' WHERE id=638;
UPDATE exp SET res_name='PSA_SV_Mea_2', name='Elakhet', instructions='Du kommer att få se 120 ansikten. Vänligen ange hur elak du tycker att varje person verkar genom att klicka på den knapp ovanför ansiktet som bäst motsvarar din bedömning.', question = 'Hur elak (dvs. kränkande, självisk eller omedgörlig; stygg; illvillig) är denna person?' WHERE id=639;
UPDATE exp SET res_name='PSA_SV_Res_2', name='Ansvarsfullhet', instructions='Du kommer att få se 120 ansikten. Vänligen ange hur ansvarsfull du tycker att varje person verkar genom att klicka på den knapp ovanför ansiktet som bäst motsvarar din bedömning.', question = 'Hur ansvarsfull (dvs. förmögen att fatta rationella beslut på egen hand; står till svars för sina egna handlingar) är denna person?' WHERE id=640;
UPDATE exp SET res_name='PSA_SV_Soc_2', name='Social', instructions='Du kommer att få se 120 ansikten. Vänligen ange hur social du tycker att varje person verkar genom att klicka på den knapp ovanför ansiktet som bäst motsvarar din bedömning.', question = 'Hur social (dvs. vänskaplig eller trevlig att vara med; sällskaplig) är denna person?' WHERE id=641;
UPDATE exp SET res_name='PSA_SV_Tru_2', name='Pålitlighet', instructions='Du kommer att få se 120 ansikten. Vänligen ange hur pålitlig du tycker att varje person verkar genom att klicka på den knapp ovanför ansiktet som bäst motsvarar din bedömning.', question = 'Hur pålitlig (dvs. förtjänar förtroende; går att lita på; tillförlitlig) är denna person?' WHERE id=642;
UPDATE exp SET res_name='PSA_SV_Wei_2', name='Konstighet', instructions='Du kommer att få se 120 ansikten. Vänligen ange hur konstig du tycker att varje person verkar genom att klicka på den knapp ovanför ansiktet som bäst motsvarar din bedömning.', question = 'Hur konstig (dvs. märklig eller udda) är denna person?' WHERE id=643;
UPDATE exp SET res_name='PSA_SV_Old_2', name='Gammal', instructions='Du kommer att få se 120 ansikten. Vänligen ange hur gammal du tycker att varje person verkar genom att klicka på den knapp ovanför ansiktet som bäst motsvarar din bedömning.', question = 'Hur gammal (dvs. har en hög ålder; inte ung) är denna person?' WHERE id=644;

REPLACE INTO set_items (set_id, item_type, item_id, item_n) VALUES 
(353, 'exp', 617, 1),
(354, 'exp', 618, 1),
(355, 'exp', 619, 1),
(356, 'exp', 620, 1),
(357, 'exp', 621, 1),
(358, 'exp', 622, 1),
(359, 'exp', 623, 1),
(360, 'exp', 624, 1),
(361, 'exp', 625, 1),
(362, 'exp', 626, 1),
(363, 'exp', 627, 1),
(364, 'exp', 628, 1),
(365, 'exp', 629, 1),
(366, 'exp', 630, 1),
(353, 'exp', 631, 2),
(354, 'exp', 632, 2),
(355, 'exp', 633, 2),
(356, 'exp', 634, 2),
(357, 'exp', 635, 2),
(358, 'exp', 636, 2),
(359, 'exp', 637, 2),
(360, 'exp', 638, 2),
(361, 'exp', 639, 2),
(362, 'exp', 640, 2),
(363, 'exp', 641, 2),
(364, 'exp', 642, 2),
(365, 'exp', 643, 2),
(366, 'exp', 644, 2),
(367, 'set', 353, 1),
(367, 'set', 354, 2),
(367, 'set', 355, 3),
(367, 'set', 356, 4),
(367, 'set', 357, 5),
(367, 'set', 358, 6),
(367, 'set', 359, 7),
(367, 'set', 360, 8),
(367, 'set', 361, 9),
(367, 'set', 362, 10),
(367, 'set', 363, 11),
(367, 'set', 364, 12),
(367, 'set', 365, 13),
(367, 'set', 366, 14),
(368, 'set', 367, 1);

REPLACE INTO access (type, id, user_id) VALUES
('exp', 617, 1),
('exp', 618, 1),
('exp', 619, 1),
('exp', 620, 1),
('exp', 621, 1),
('exp', 622, 1),
('exp', 623, 1),
('exp', 624, 1),
('exp', 625, 1),
('exp', 626, 1),
('exp', 627, 1),
('exp', 628, 1),
('exp', 629, 1),
('exp', 630, 1),
('exp', 631, 1),
('exp', 632, 1),
('exp', 633, 1),
('exp', 634, 1),
('exp', 635, 1),
('exp', 636, 1),
('exp', 637, 1),
('exp', 638, 1),
('exp', 639, 1),
('exp', 640, 1),
('exp', 641, 1),
('exp', 642, 1),
('exp', 643, 1),
('exp', 644, 1),
('sets', 353, 1),
('sets', 354, 1),
('sets', 355, 1),
('sets', 356, 1),
('sets', 357, 1),
('sets', 358, 1),
('sets', 359, 1),
('sets', 360, 1),
('sets', 361, 1),
('sets', 362, 1),
('sets', 363, 1),
('sets', 364, 1),
('sets', 365, 1),
('sets', 366, 1),
('sets', 367, 1),
('sets', 368, 1);

REPLACE INTO sets (res_name, name, id, create_date, type) VALUES 
('PSA1_SV_Agg', 'Aggressivitet' ,353, NOW(), 'fixed'),
('PSA1_SV_Att', 'Attraktivitet' ,354, NOW(), 'fixed'),
('PSA1_SV_Car', 'Omtänksamhet' ,355, NOW(), 'fixed'),
('PSA1_SV_Con', 'Självsäkerhet' ,356, NOW(), 'fixed'),
('PSA1_SV_Dom', 'Dominans' ,357, NOW(), 'fixed'),
('PSA1_SV_Emo', 'Känslomässig stabilitet' ,358, NOW(), 'fixed'),
('PSA1_SV_Unh', 'Nedstämdhet' ,359, NOW(), 'fixed'),
('PSA1_SV_Int', 'Intelligens' ,360, NOW(), 'fixed'),
('PSA1_SV_Mea', 'Elakhet' ,361, NOW(), 'fixed'),
('PSA1_SV_Res', 'Ansvarsfullhet' ,362, NOW(), 'fixed'),
('PSA1_SV_Soc', 'Social' ,363, NOW(), 'fixed'),
('PSA1_SV_Tru', 'Pålitlighet' ,364, NOW(), 'fixed'),
('PSA1_SV_Wei', 'Konstighet' ,365, NOW(), 'fixed'),
('PSA1_SV_Old', 'Gammal' ,366, NOW(), 'fixed'),
('PSA_SV_Ratings', 'Ratings' ,367, NOW(), 'one_random'),
('PSA1_SV', 'Klicka på knappen nedan för att börja.' ,368, NOW(), 'fixed');

REPLACE INTO project (id, res_name, name, url, blurb, create_date) VALUES
(169, 'PSA1_SV_test', 'Detta är PSA-studien om bedömningar av ansikten på svenska. (SV_test)','psa1_SV_test', 'PSA1 Study: SV_test', NOW() ),
(170, 'PSA1_SV_SWE_004', 'Detta är PSA-studien om bedömningar av ansikten på svenska. (SWE_004)','psa1_SWE_004', 'PSA1 Study: SWE_004', NOW() ),
(171, 'PSA1_SV_SWE_005', 'Detta är PSA-studien om bedömningar av ansikten på svenska. (SWE--5)','psa1_SWE--5', 'PSA1 Study: SWE--5', NOW() ),
(172, 'PSA1_SV_SWE_006', 'Detta är PSA-studien om bedömningar av ansikten på svenska. (SWE_006)','psa1_SWE_006', 'PSA1 Study: SWE_006', NOW() ),
(173, 'PSA1_SV_FIN_001', 'Detta är PSA-studien om bedömningar av ansikten på svenska. (FIN_001)','psa1_FIN_001', 'PSA1 Study: FIN_001', NOW() );

REPLACE INTO project_items VALUES 
(169, 'set', 368, 1, NULL),
(170, 'set', 368, 1, NULL),
(171, 'set', 368, 1, NULL),
(172, 'set', 368, 1, NULL),
(173, 'set', 368, 1, NULL);

REPLACE INTO access (type, id, user_id) VALUES
('project', 169, 1),
('project', 170, 1),
('project', 171, 1),
('project', 172, 1),
('project', 173, 1);

UPDATE project SET intro='I denna studie kommer du bli ombedd att fylla i ett mycket kort formulär med information om exempelvis din ålder. Sedan kommer du bli ombedd att skatta 120 ansikten utifrån ett angivet karaktärsdrag. Efter att ha gjort det kommer du bli ombedd att skatta samma ansikten utifrån samma karaktärsdrag igen. Vänligen klicka på knappen nedan för att ge ditt medgivande och påbörja studien.' WHERE id >=169 AND id <=173;
UPDATE sets SET feedback_general = 'Studien är nu avslutad. Vänligen säg till försöksledaren.' WHERE id = 368;
