UPDATE exp SET res_name='PSA_PT-BR_Agg_1', name='Avaliação de agressividade', instructions='Você verá 120 faces. Por favor, indique o quão agressiva você acha que cada pessoa é, clicando no botão acima da face que melhor representa o seu julgamento', question = 'Quão agressiva (ou seja, propensa a se comportar de forma hostil) é esta pessoa?' WHERE id=337;
UPDATE exp SET res_name='PSA_PT-BR_Att_1', name='Avaliação de atratividade', instructions='Você verá 120 faces. Por favor, indique o quão atrativa você acha que cada pessoa é, clicando no botão acima da face que melhor representa o seu julgamento.', question = 'Quão atrativa (ou seja, apelando aos sentidos através da beleza, forma, caráter, etc) é esta pessoa?' WHERE id=338;
UPDATE exp SET res_name='PSA_PT-BR_Car_1', name='Avaliação de compaixão', instructions='Você verá 120 faces. Por favor, indique o quão compassiva você acha que cada pessoa é, clicando no botão acima da face que melhor representa o seu julgamento.', question = 'Quão compassiva (ou seja, sentindo ou demonstrando compaixão) é esta pessoa?' WHERE id=339;
UPDATE exp SET res_name='PSA_PT-BR_Con_1', name='Avaliação de convicção', instructions='Você verá 120 faces. Por favor, indique o quão convicta você acha que cada pessoa é, clicando no botão acima da face que melhor representa o seu julgamento.', question = 'Quão convicta (ou seja, segura de si mesma; não tendo incerteza sobre suas próprias habilidades) é esta pessoa?' WHERE id=340;
UPDATE exp SET res_name='PSA_PT-BR_Dom_1', name='Avaliação de dominância', instructions='Você verá 120 faces. Por favor, indique o quão dominante você acha que cada pessoa é, clicando no botão acima da face que melhor representa o seu julgamento.', question = 'Quão dominante (ou seja, forte; importante) é esta pessoa?' WHERE id=341;
UPDATE exp SET res_name='PSA_PT-BR_Emo_1', name='Avaliação de estabilidade emocional', instructions='Você verá 120 faces. Por favor, indique o quão emocionalmente estável você acha que cada pessoa é, clicando no botão acima da face que melhor representa o seu julgamento.', question = 'Quão emocionalmente estável (ou seja, não sujeita à instabilidade ou doença emocional; mentalmente sã) é esta pessoa?' WHERE id=342;
UPDATE exp SET res_name='PSA_PT-BR_Unh_1', name='Avaliação de infelicidade', instructions='Você verá 120 faces. Por favor, indique o quão infeliz você acha que cada pessoa é, clicando no botão acima da face que melhor representa o seu julgamento.', question = 'Quão infeliz (ou seja, não alegre; triste ou deprimida) é esta pessoa?' WHERE id=343;
UPDATE exp SET res_name='PSA_PT-BR_Int_1', name='Avaliação de inteligência', instructions='Você verá 120 faces. Por favor, indique o quão inteligente você acha que cada pessoa é, clicando no botão acima da face que melhor representa o seu julgamento.', question = 'Quão inteligente (ou seja, tendo uma boa compreensão ou alta capacidade mental) é esta pessoa?' WHERE id=344;
UPDATE exp SET res_name='PSA_PT-BR_Mea_1', name='Avaliação de maldade', instructions='Você verá 120 faces. Por favor, indique o quão má você acha que cada pessoa é, clicando no botão acima da face que melhor representa o seu julgamento.', question = 'Quão má (ou seja, ofensiva, egoísta ou difícil; desagradável; maliciosa) é esta pessoa?' WHERE id=345;
UPDATE exp SET res_name='PSA_PT-BR_Res_1', name='Avaliação de responsabilidade', instructions='Você verá 120 faces. Por favor, indique o quão responsável você acha que cada pessoa é, clicando no botão acima da face que melhor representa o seu julgamento.', question = 'Quão responsável (ou seja, capaz de tomar decisões racionais sem supervisão; responsável pelas suas próprias ações) é esta pessoa?' WHERE id=346;
UPDATE exp SET res_name='PSA_PT-BR_Soc_1', name='Avaliação de sociabilidade', instructions='Você verá 120 faces. Por favor, indique o quão sociável você acha que cada pessoa é, clicando no botão acima da face que melhor representa o seu julgamento.', question = 'Quão sociável (ou seja, amigável ou agradável em companhia; companehira) é esta pessoa?' WHERE id=347;
UPDATE exp SET res_name='PSA_PT-BR_Tru_1', name='Avaliação de confiabilidade', instructions='Você verá 120 faces. Por favor, indique o quão confiável você acha que cada pessoa é, clicando no botão acima da face que melhor representa o seu julgamento.', question = 'Quão confiável (ou seja, merecedora de confiança; segura; de confiança) é esta pessoa?' WHERE id=348;
UPDATE exp SET res_name='PSA_PT-BR_Wei_1', name='Avaliação de esquisitice', instructions='Você verá 120 faces. Por favor, indique o quão esquisita você acha que cada pessoa é, clicando no botão acima da face que melhor representa o seu julgamento.', question = 'Quão esquisito (ou seja, estranha ou bizarra) é esta pessoa?' WHERE id=349;
UPDATE exp SET res_name='PSA_PT-BR_Old_1', name='Avaliação de velhice', instructions='Você verá 120 faces. Por favor, indique o quão velha você acha que cada pessoa é, clicando no botão acima da face que melhor representa o seu julgamento.', question = 'Quão velha (ou seja, tendo uma maior idade; não jovem) é esta pessoa?' WHERE id=350;
UPDATE exp SET res_name='PSA_PT-BR_Agg_2', name='Avaliação de agressividade', instructions='Você verá 120 faces. Por favor, indique o quão agressiva você acha que cada pessoa é, clicando no botão acima da face que melhor representa o seu julgamento', question = 'Quão agressiva (ou seja, propensa a se comportar de forma hostil) é esta pessoa?' WHERE id=351;
UPDATE exp SET res_name='PSA_PT-BR_Att_2', name='Avaliação de atratividade', instructions='Você verá 120 faces. Por favor, indique o quão atrativa você acha que cada pessoa é, clicando no botão acima da face que melhor representa o seu julgamento.', question = 'Quão atrativa (ou seja, apelando aos sentidos através da beleza, forma, caráter, etc) é esta pessoa?' WHERE id=352;
UPDATE exp SET res_name='PSA_PT-BR_Car_2', name='Avaliação de compaixão', instructions='Você verá 120 faces. Por favor, indique o quão compassiva você acha que cada pessoa é, clicando no botão acima da face que melhor representa o seu julgamento.', question = 'Quão compassiva (ou seja, sentindo ou demonstrando compaixão) é esta pessoa?' WHERE id=353;
UPDATE exp SET res_name='PSA_PT-BR_Con_2', name='Avaliação de convicção', instructions='Você verá 120 faces. Por favor, indique o quão convicta você acha que cada pessoa é, clicando no botão acima da face que melhor representa o seu julgamento.', question = 'Quão convicta (ou seja, segura de si mesma; não tendo incerteza sobre suas próprias habilidades) é esta pessoa?' WHERE id=354;
UPDATE exp SET res_name='PSA_PT-BR_Dom_2', name='Avaliação de dominância', instructions='Você verá 120 faces. Por favor, indique o quão dominante você acha que cada pessoa é, clicando no botão acima da face que melhor representa o seu julgamento.', question = 'Quão dominante (ou seja, forte; importante) é esta pessoa?' WHERE id=355;
UPDATE exp SET res_name='PSA_PT-BR_Emo_2', name='Avaliação de estabilidade emocional', instructions='Você verá 120 faces. Por favor, indique o quão emocionalmente estável você acha que cada pessoa é, clicando no botão acima da face que melhor representa o seu julgamento.', question = 'Quão emocionalmente estável (ou seja, não sujeita à instabilidade ou doença emocional; mentalmente sã) é esta pessoa?' WHERE id=356;
UPDATE exp SET res_name='PSA_PT-BR_Unh_2', name='Avaliação de infelicidade', instructions='Você verá 120 faces. Por favor, indique o quão infeliz você acha que cada pessoa é, clicando no botão acima da face que melhor representa o seu julgamento.', question = 'Quão infeliz (ou seja, não alegre; triste ou deprimida) é esta pessoa?' WHERE id=357;
UPDATE exp SET res_name='PSA_PT-BR_Int_2', name='Avaliação de inteligência', instructions='Você verá 120 faces. Por favor, indique o quão inteligente você acha que cada pessoa é, clicando no botão acima da face que melhor representa o seu julgamento.', question = 'Quão inteligente (ou seja, tendo uma boa compreensão ou alta capacidade mental) é esta pessoa?' WHERE id=358;
UPDATE exp SET res_name='PSA_PT-BR_Mea_2', name='Avaliação de maldade', instructions='Você verá 120 faces. Por favor, indique o quão má você acha que cada pessoa é, clicando no botão acima da face que melhor representa o seu julgamento.', question = 'Quão má (ou seja, ofensiva, egoísta ou difícil; desagradável; maliciosa) é esta pessoa?' WHERE id=359;
UPDATE exp SET res_name='PSA_PT-BR_Res_2', name='Avaliação de responsabilidade', instructions='Você verá 120 faces. Por favor, indique o quão responsável você acha que cada pessoa é, clicando no botão acima da face que melhor representa o seu julgamento.', question = 'Quão responsável (ou seja, capaz de tomar decisões racionais sem supervisão; responsável pelas suas próprias ações) é esta pessoa?' WHERE id=360;
UPDATE exp SET res_name='PSA_PT-BR_Soc_2', name='Avaliação de sociabilidade', instructions='Você verá 120 faces. Por favor, indique o quão sociável você acha que cada pessoa é, clicando no botão acima da face que melhor representa o seu julgamento.', question = 'Quão sociável (ou seja, amigável ou agradável em companhia; companehira) é esta pessoa?' WHERE id=361;
UPDATE exp SET res_name='PSA_PT-BR_Tru_2', name='Avaliação de confiabilidade', instructions='Você verá 120 faces. Por favor, indique o quão confiável você acha que cada pessoa é, clicando no botão acima da face que melhor representa o seu julgamento.', question = 'Quão confiável (ou seja, merecedora de confiança; segura; de confiança) é esta pessoa?' WHERE id=362;
UPDATE exp SET res_name='PSA_PT-BR_Wei_2', name='Avaliação de esquisitice', instructions='Você verá 120 faces. Por favor, indique o quão esquisita você acha que cada pessoa é, clicando no botão acima da face que melhor representa o seu julgamento.', question = 'Quão esquisito (ou seja, estranha ou bizarra) é esta pessoa?' WHERE id=363;
UPDATE exp SET res_name='PSA_PT-BR_Old_2', name='Avaliação de velhice', instructions='Você verá 120 faces. Por favor, indique o quão velha você acha que cada pessoa é, clicando no botão acima da face que melhor representa o seu julgamento.', question = 'Quão velha (ou seja, tendo uma maior idade; não jovem) é esta pessoa?' WHERE id=364;

REPLACE INTO set_items (set_id, item_type, item_id, item_n) VALUES 
(193, 'exp', 337, 1),
(194, 'exp', 338, 1),
(195, 'exp', 339, 1),
(196, 'exp', 340, 1),
(197, 'exp', 341, 1),
(198, 'exp', 342, 1),
(199, 'exp', 343, 1),
(200, 'exp', 344, 1),
(201, 'exp', 345, 1),
(202, 'exp', 346, 1),
(203, 'exp', 347, 1),
(204, 'exp', 348, 1),
(205, 'exp', 349, 1),
(206, 'exp', 350, 1),
(193, 'exp', 351, 2),
(194, 'exp', 352, 2),
(195, 'exp', 353, 2),
(196, 'exp', 354, 2),
(197, 'exp', 355, 2),
(198, 'exp', 356, 2),
(199, 'exp', 357, 2),
(200, 'exp', 358, 2),
(201, 'exp', 359, 2),
(202, 'exp', 360, 2),
(203, 'exp', 361, 2),
(204, 'exp', 362, 2),
(205, 'exp', 363, 2),
(206, 'exp', 364, 2),
(207, 'set', 193, 1),
(207, 'set', 194, 2),
(207, 'set', 195, 3),
(207, 'set', 196, 4),
(207, 'set', 197, 5),
(207, 'set', 198, 6),
(207, 'set', 199, 7),
(207, 'set', 200, 8),
(207, 'set', 201, 9),
(207, 'set', 202, 10),
(207, 'set', 203, 11),
(207, 'set', 204, 12),
(207, 'set', 205, 13),
(207, 'set', 206, 14),
(208, 'set', 207, 1);

REPLACE INTO access (type, id, user_id) VALUES
('exp', 337, 1),
('exp', 338, 1),
('exp', 339, 1),
('exp', 340, 1),
('exp', 341, 1),
('exp', 342, 1),
('exp', 343, 1),
('exp', 344, 1),
('exp', 345, 1),
('exp', 346, 1),
('exp', 347, 1),
('exp', 348, 1),
('exp', 349, 1),
('exp', 350, 1),
('exp', 351, 1),
('exp', 352, 1),
('exp', 353, 1),
('exp', 354, 1),
('exp', 355, 1),
('exp', 356, 1),
('exp', 357, 1),
('exp', 358, 1),
('exp', 359, 1),
('exp', 360, 1),
('exp', 361, 1),
('exp', 362, 1),
('exp', 363, 1),
('exp', 364, 1),
('sets', 193, 1),
('sets', 194, 1),
('sets', 195, 1),
('sets', 196, 1),
('sets', 197, 1),
('sets', 198, 1),
('sets', 199, 1),
('sets', 200, 1),
('sets', 201, 1),
('sets', 202, 1),
('sets', 203, 1),
('sets', 204, 1),
('sets', 205, 1),
('sets', 206, 1),
('sets', 207, 1),
('sets', 208, 1);

REPLACE INTO sets (res_name, name, id, create_date, type) VALUES 
('PSA1_PT-BR_Agg', 'Avaliação de agressividade' ,193, NOW(), 'fixed'),
('PSA1_PT-BR_Att', 'Avaliação de atratividade' ,194, NOW(), 'fixed'),
('PSA1_PT-BR_Car', 'Avaliação de compaixão' ,195, NOW(), 'fixed'),
('PSA1_PT-BR_Con', 'Avaliação de convicção' ,196, NOW(), 'fixed'),
('PSA1_PT-BR_Dom', 'Avaliação de dominância' ,197, NOW(), 'fixed'),
('PSA1_PT-BR_Emo', 'Avaliação de estabilidade emocional' ,198, NOW(), 'fixed'),
('PSA1_PT-BR_Unh', 'Avaliação de infelicidade' ,199, NOW(), 'fixed'),
('PSA1_PT-BR_Int', 'Avaliação de inteligência' ,200, NOW(), 'fixed'),
('PSA1_PT-BR_Mea', 'Avaliação de maldade' ,201, NOW(), 'fixed'),
('PSA1_PT-BR_Res', 'Avaliação de responsabilidade' ,202, NOW(), 'fixed'),
('PSA1_PT-BR_Soc', 'Avaliação de sociabilidade' ,203, NOW(), 'fixed'),
('PSA1_PT-BR_Tru', 'Avaliação de confiabilidade' ,204, NOW(), 'fixed'),
('PSA1_PT-BR_Wei', 'Avaliação de esquisitice' ,205, NOW(), 'fixed'),
('PSA1_PT-BR_Old', 'Avaliação de velhice' ,206, NOW(), 'fixed'),
('PSA_PT-BR_Ratings', 'Ratings' ,207, NOW(), 'one_random'),
('PSA1_PT-BR', 'Começar o estudo' ,208, NOW(), 'fixed');

REPLACE INTO project (id, res_name, name, url, blurb, create_date) VALUES
(130, 'PSA1_PT-BR_test', 'Estudo de faces (PT-BR_test)','psa1_PT-BR_test', 'PSA1 Study: PT-BR_test', NOW() ),
(131, 'PSA1_PT-BR_BRA_001', 'Estudo de faces (BRA_001)','psa1_BRA_001', 'PSA1 Study: BRA_001', NOW() ),
(132, 'PSA1_PT-BR_BRA_002', 'Estudo de faces (BRA_002)','psa1_BRA_002', 'PSA1 Study: BRA_002', NOW() ),
(133, 'PSA1_PT-BR_BRA_003', 'Estudo de faces (BRA_003)','psa1_BRA_003', 'PSA1 Study: BRA_003', NOW() ),
(134, 'PSA1_PT-BR_BRA_004', 'Estudo de faces (BRA_004)','psa1_BRA_004', 'PSA1 Study: BRA_004', NOW() ),
(135, 'PSA1_PT-BR_BRA_005', 'Estudo de faces (BRA_005)','psa1_BRA_005', 'PSA1 Study: BRA_005', NOW() ),
(136, 'PSA1_PT-BR_BRA_006', 'Estudo de faces (BRA_006)','psa1_BRA_006', 'PSA1 Study: BRA_006', NOW() );

REPLACE INTO project_items VALUES 
(130, 'set', 208, 1, NULL),
(131, 'set', 208, 1, NULL),
(132, 'set', 208, 1, NULL),
(133, 'set', 208, 1, NULL),
(134, 'set', 208, 1, NULL),
(135, 'set', 208, 1, NULL),
(136, 'set', 208, 1, NULL);

REPLACE INTO access (type, id, user_id) VALUES
('project', 130, 1),
('project', 131, 1),
('project', 132, 1),
('project', 133, 1),
('project', 134, 1),
('project', 135, 1),
('project', 136, 1);

UPDATE project SET intro='Neste estudo, será solicitado que você complete um pequeno questionário, o qual coletará informações como sua idade, por exemplo. Será então solicitado que você avalie 120 faces para uma determinada característica. Depois disso, você irá avaliar essas mesmas faces para a mesma característica novamente. Por favor, clique no botão abaixo para concordar em participar e começar.' WHERE id >=130 AND id <=136;
UPDATE sets SET feedback_general = 'O estudo terminou. Por favor, comunique a um pesquisador' WHERE id = 208;
