UPDATE exp SET res_name='PSA_NOR_Agg_1', name='Vurdering aggressivitet', instructions='Du vil se 120 ansikter. Vennligst indiker hvor aggressiv du synes hver person er ved å trykke på knappen over ansiktet som best representerer din vurdering', question = 'Hvor aggressiv (dvs. tilbøyelig til å oppføre seg fiendtlig) er denne personen?' WHERE id=253;
UPDATE exp SET res_name='PSA_NOR_Att_1', name='Vurdering attraktivitet', instructions='Du vil se 120 ansikter. Vennligst indiker hvor attraktiv du synes hver person er ved å trykke på knappen over ansiktet som best representerer din vurdering', question = 'Hvor attraktiv (dvs. tiltrekkende for sansene gjennom skjønnhet, form, karakter, etc) er denne personen?' WHERE id=254;
UPDATE exp SET res_name='PSA_NOR_Car_1', name='Vurdering omsorgsfullhet', instructions='Du vil se 120 ansikter. Vennligst indiker hvor omsorgsfull du synes hver person er ved å trykke på knappen over ansiktet som best representerer din vurdering', question = 'Hvor omsorgsfull (dvs. føler eller viser medfølelse) er denne personen?' WHERE id=255;
UPDATE exp SET res_name='PSA_NOR_Con_1', name='Vurdering selvsikkerhet', instructions='Du vil se 120 ansikter. Vennligst indiker hvor selvsikker du synes hver person er ved å trykke på knappen over ansiktet som best representerer din vurdering', question = 'Hvor selvsikker (dvs. sikker på seg selv; tviler ikke på egne evner) er denne personen?' WHERE id=256;
UPDATE exp SET res_name='PSA_NOR_Dom_1', name='Vurdering dominans', instructions='Du vil se 120 ansikter. Vennligst indiker hvor dominant du synes hver person er ved å trykke på knappen over ansiktet som best representerer din vurdering', question = 'Hvor dominant (dvs. sterk, viktig) er denne personen?' WHERE id=257;
UPDATE exp SET res_name='PSA_NOR_Emo_1', name='Vurdering emosjonell stabilitet', instructions='Du vil se 120 ansikter. Vennligst indiker hvor emosjonelt stabil du synes hver person er ved å trykke på knappen over ansiktet som best representerer din vurdering', question = 'Hvor emosjonelt stabil (dvs. ikke tilbøyelig til emosjonell ustabilitet eller sykdom; tilregnelig; mentalt frisk) er denne personen?' WHERE id=258;
UPDATE exp SET res_name='PSA_NOR_Unh_1', name='Vurdering ulykkelighet', instructions='Du vil se 120 ansikter. Vennligst indiker hvor ulykkelig du synes hver person er ved å trykke på knappen over ansiktet som best representerer din vurdering', question = 'Hvor ulykkelig (dvs. ikke glad; trist eller deprimert) er denne personen?' WHERE id=259;
UPDATE exp SET res_name='PSA_NOR_Int_1', name='Vurdering intelligens', instructions='Du vil se 120 ansikter. Vennligst indiker hvor intelligent du synes hver person er ved å trykke på knappen over ansiktet som best representerer din vurdering', question = 'Hvor intelligent (dvs. har en god forståelse eller en høy mental kapasitet) er denne personen?' WHERE id=260;
UPDATE exp SET res_name='PSA_NOR_Mea_1', name='Vurdering slemhet', instructions='Du vil se 120 ansikter. Vennligst indiker hvor slem du synes hver person er ved å trykke på knappen over ansiktet som best representerer din vurdering', question = 'Hvor slem (dvs. støtende, egoistisk, umedgjørlig; ekkel; ondsinnet) er denne personen?' WHERE id=261;
UPDATE exp SET res_name='PSA_NOR_Res_1', name='Vurdering ansvarlighet', instructions='Du vil se 120 ansikter. Vennligst indiker hvor ansvarlig du synes hver person er ved å trykke på knappen over ansiktet som best representerer din vurdering', question = 'Hvor ansvarlig (dvs. evner å ta rasjonelle avgjørelser uten tilsyn; ansvarlig for sine egne handlinger) er denne personen?' WHERE id=262;
UPDATE exp SET res_name='PSA_NOR_Soc_1', name='Vurdering omgjengelighet', instructions='Du vil se 120 ansikter. Vennligst indiker hvor sosial du synes hver person er ved å trykke på knappen over ansiktet som best representerer din vurdering', question = 'Hvor sosial (dvs. vennlig eller hyggelig å være sammen med, omgjengelig) er denne personen?' WHERE id=263;
UPDATE exp SET res_name='PSA_NOR_Tru_1', name='Vurdering pålitelighet', instructions='Du vil se 120 ansikter. Vennligst indiker hvor troverdig du synes hver person er ved å trykke på knappen over ansiktet som best representerer din vurdering', question = 'Hvor troverdig (dvs. fortjener tillitt; pålitelig) er denne personen?' WHERE id=264;
UPDATE exp SET res_name='PSA_NOR_Wei_1', name='Vurdering rarhet', instructions='Du vil se 120 ansikter. Vennligst indiker hvor rar du synes hver person er ved å trykke på knappen over ansiktet som best representerer din vurdering', question = 'Hvor rar (dvs. merkelig eller bisarr) er denne personen?' WHERE id=265;
UPDATE exp SET res_name='PSA_NOR_Old_1', name='Vurdering alder', instructions='Du vil se 120 ansikter. Vennligst indiker hvor gammel du synes hver person er ved å trykke på knappen over ansiktet som best representerer din vurdering', question = 'Hvor gammel (dvs. har en høy alder, ikke ung) er denne personen?' WHERE id=266;
UPDATE exp SET res_name='PSA_NOR_Agg_2', name='Vurdering aggressivitet', instructions='Du vil se 120 ansikter. Vennligst indiker hvor aggressiv du synes hver person er ved å trykke på knappen over ansiktet som best representerer din vurdering', question = 'Hvor aggressiv (dvs. tilbøyelig til å oppføre seg fiendtlig) er denne personen?' WHERE id=267;
UPDATE exp SET res_name='PSA_NOR_Att_2', name='Vurdering attraktivitet', instructions='Du vil se 120 ansikter. Vennligst indiker hvor attraktiv du synes hver person er ved å trykke på knappen over ansiktet som best representerer din vurdering', question = 'Hvor attraktiv (dvs. tiltrekkende for sansene gjennom skjønnhet, form, karakter, etc) er denne personen?' WHERE id=268;
UPDATE exp SET res_name='PSA_NOR_Car_2', name='Vurdering omsorgsfullhet', instructions='Du vil se 120 ansikter. Vennligst indiker hvor omsorgsfull du synes hver person er ved å trykke på knappen over ansiktet som best representerer din vurdering', question = 'Hvor omsorgsfull (dvs. føler eller viser medfølelse) er denne personen?' WHERE id=269;
UPDATE exp SET res_name='PSA_NOR_Con_2', name='Vurdering selvsikkerhet', instructions='Du vil se 120 ansikter. Vennligst indiker hvor selvsikker du synes hver person er ved å trykke på knappen over ansiktet som best representerer din vurdering', question = 'Hvor selvsikker (dvs. sikker på seg selv; tviler ikke på egne evner) er denne personen?' WHERE id=270;
UPDATE exp SET res_name='PSA_NOR_Dom_2', name='Vurdering dominans', instructions='Du vil se 120 ansikter. Vennligst indiker hvor dominant du synes hver person er ved å trykke på knappen over ansiktet som best representerer din vurdering', question = 'Hvor dominant (dvs. sterk, viktig) er denne personen?' WHERE id=271;
UPDATE exp SET res_name='PSA_NOR_Emo_2', name='Vurdering emosjonell stabilitet', instructions='Du vil se 120 ansikter. Vennligst indiker hvor emosjonelt stabil du synes hver person er ved å trykke på knappen over ansiktet som best representerer din vurdering', question = 'Hvor emosjonelt stabil (dvs. ikke tilbøyelig til emosjonell ustabilitet eller sykdom; tilregnelig; mentalt frisk) er denne personen?' WHERE id=272;
UPDATE exp SET res_name='PSA_NOR_Unh_2', name='Vurdering ulykkelighet', instructions='Du vil se 120 ansikter. Vennligst indiker hvor ulykkelig du synes hver person er ved å trykke på knappen over ansiktet som best representerer din vurdering', question = 'Hvor ulykkelig (dvs. ikke glad; trist eller deprimert) er denne personen?' WHERE id=273;
UPDATE exp SET res_name='PSA_NOR_Int_2', name='Vurdering intelligens', instructions='Du vil se 120 ansikter. Vennligst indiker hvor intelligent du synes hver person er ved å trykke på knappen over ansiktet som best representerer din vurdering', question = 'Hvor intelligent (dvs. har en god forståelse eller en høy mental kapasitet) er denne personen?' WHERE id=274;
UPDATE exp SET res_name='PSA_NOR_Mea_2', name='Vurdering slemhet', instructions='Du vil se 120 ansikter. Vennligst indiker hvor slem du synes hver person er ved å trykke på knappen over ansiktet som best representerer din vurdering', question = 'Hvor slem (dvs. støtende, egoistisk, umedgjørlig; ekkel; ondsinnet) er denne personen?' WHERE id=275;
UPDATE exp SET res_name='PSA_NOR_Res_2', name='Vurdering ansvarlighet', instructions='Du vil se 120 ansikter. Vennligst indiker hvor ansvarlig du synes hver person er ved å trykke på knappen over ansiktet som best representerer din vurdering', question = 'Hvor ansvarlig (dvs. evner å ta rasjonelle avgjørelser uten tilsyn; ansvarlig for sine egne handlinger) er denne personen?' WHERE id=276;
UPDATE exp SET res_name='PSA_NOR_Soc_2', name='Vurdering omgjengelighet', instructions='Du vil se 120 ansikter. Vennligst indiker hvor sosial du synes hver person er ved å trykke på knappen over ansiktet som best representerer din vurdering', question = 'Hvor sosial (dvs. vennlig eller hyggelig å være sammen med, omgjengelig) er denne personen?' WHERE id=277;
UPDATE exp SET res_name='PSA_NOR_Tru_2', name='Vurdering pålitelighet', instructions='Du vil se 120 ansikter. Vennligst indiker hvor troverdig du synes hver person er ved å trykke på knappen over ansiktet som best representerer din vurdering', question = 'Hvor troverdig (dvs. fortjener tillitt; pålitelig) er denne personen?' WHERE id=278;
UPDATE exp SET res_name='PSA_NOR_Wei_2', name='Vurdering rarhet', instructions='Du vil se 120 ansikter. Vennligst indiker hvor rar du synes hver person er ved å trykke på knappen over ansiktet som best representerer din vurdering', question = 'Hvor rar (dvs. merkelig eller bisarr) er denne personen?' WHERE id=279;
UPDATE exp SET res_name='PSA_NOR_Old_2', name='Vurdering alder', instructions='Du vil se 120 ansikter. Vennligst indiker hvor gammel du synes hver person er ved å trykke på knappen over ansiktet som best representerer din vurdering', question = 'Hvor gammel (dvs. har en høy alder, ikke ung) er denne personen?' WHERE id=280;

REPLACE INTO set_items (set_id, item_type, item_id, item_n) VALUES 
(145, 'exp', 253, 1),
(146, 'exp', 254, 1),
(147, 'exp', 255, 1),
(148, 'exp', 256, 1),
(149, 'exp', 257, 1),
(150, 'exp', 258, 1),
(151, 'exp', 259, 1),
(152, 'exp', 260, 1),
(153, 'exp', 261, 1),
(154, 'exp', 262, 1),
(155, 'exp', 263, 1),
(156, 'exp', 264, 1),
(157, 'exp', 265, 1),
(158, 'exp', 266, 1),
(145, 'exp', 267, 2),
(146, 'exp', 268, 2),
(147, 'exp', 269, 2),
(148, 'exp', 270, 2),
(149, 'exp', 271, 2),
(150, 'exp', 272, 2),
(151, 'exp', 273, 2),
(152, 'exp', 274, 2),
(153, 'exp', 275, 2),
(154, 'exp', 276, 2),
(155, 'exp', 277, 2),
(156, 'exp', 278, 2),
(157, 'exp', 279, 2),
(158, 'exp', 280, 2),
(159, 'set', 145, 1),
(159, 'set', 146, 2),
(159, 'set', 147, 3),
(159, 'set', 148, 4),
(159, 'set', 149, 5),
(159, 'set', 150, 6),
(159, 'set', 151, 7),
(159, 'set', 152, 8),
(159, 'set', 153, 9),
(159, 'set', 154, 10),
(159, 'set', 155, 11),
(159, 'set', 156, 12),
(159, 'set', 157, 13),
(159, 'set', 158, 14),
(160, 'set', 159, 1);

REPLACE INTO access (type, id, user_id) VALUES
('exp', 253, 1),
('exp', 254, 1),
('exp', 255, 1),
('exp', 256, 1),
('exp', 257, 1),
('exp', 258, 1),
('exp', 259, 1),
('exp', 260, 1),
('exp', 261, 1),
('exp', 262, 1),
('exp', 263, 1),
('exp', 264, 1),
('exp', 265, 1),
('exp', 266, 1),
('exp', 267, 1),
('exp', 268, 1),
('exp', 269, 1),
('exp', 270, 1),
('exp', 271, 1),
('exp', 272, 1),
('exp', 273, 1),
('exp', 274, 1),
('exp', 275, 1),
('exp', 276, 1),
('exp', 277, 1),
('exp', 278, 1),
('exp', 279, 1),
('exp', 280, 1),
('sets', 145, 1),
('sets', 146, 1),
('sets', 147, 1),
('sets', 148, 1),
('sets', 149, 1),
('sets', 150, 1),
('sets', 151, 1),
('sets', 152, 1),
('sets', 153, 1),
('sets', 154, 1),
('sets', 155, 1),
('sets', 156, 1),
('sets', 157, 1),
('sets', 158, 1),
('sets', 159, 1),
('sets', 160, 1);

REPLACE INTO sets (res_name, name, id, create_date, type) VALUES 
('PSA1_NOR_Agg', 'Vurdering aggressivitet' ,145, NOW(), 'fixed'),
('PSA1_NOR_Att', 'Vurdering attraktivitet' ,146, NOW(), 'fixed'),
('PSA1_NOR_Car', 'Vurdering omsorgsfullhet' ,147, NOW(), 'fixed'),
('PSA1_NOR_Con', 'Vurdering selvsikkerhet' ,148, NOW(), 'fixed'),
('PSA1_NOR_Dom', 'Vurdering dominans' ,149, NOW(), 'fixed'),
('PSA1_NOR_Emo', 'Vurdering emosjonell stabilitet' ,150, NOW(), 'fixed'),
('PSA1_NOR_Unh', 'Vurdering ulykkelighet' ,151, NOW(), 'fixed'),
('PSA1_NOR_Int', 'Vurdering intelligens' ,152, NOW(), 'fixed'),
('PSA1_NOR_Mea', 'Vurdering slemhet' ,153, NOW(), 'fixed'),
('PSA1_NOR_Res', 'Vurdering ansvarlighet' ,154, NOW(), 'fixed'),
('PSA1_NOR_Soc', 'Vurdering omgjengelighet' ,155, NOW(), 'fixed'),
('PSA1_NOR_Tru', 'Vurdering pålitelighet' ,156, NOW(), 'fixed'),
('PSA1_NOR_Wei', 'Vurdering rarhet' ,157, NOW(), 'fixed'),
('PSA1_NOR_Old', 'Vurdering alder' ,158, NOW(), 'fixed'),
('PSA_NOR_Ratings', 'Ratings' ,159, NOW(), 'one_random'),
('PSA1_NOR', 'Ansikts-studien' ,160, NOW(), 'fixed');

REPLACE INTO project (id, res_name, name, url, blurb, create_date) VALUES
(119, 'PSA1_NOR_test', 'Ansikts-studien (NOR_test)','psa1_NOR_test', 'PSA1 Study: NOR_test', NOW() ),
(120, 'PSA1_NOR_NOR_001', 'Ansikts-studien (NOR_001)','psa1_NOR_001', 'PSA1 Study: NOR_001', NOW() ),
(121, 'PSA1_NOR_NOR_002', 'Ansikts-studien (NOR_002)','psa1_NOR_002', 'PSA1 Study: NOR_002', NOW() ),
(122, 'PSA1_NOR_NOR_003', 'Ansikts-studien (NOR_003)','psa1_NOR_003', 'PSA1 Study: NOR_003', NOW() ),
(123, 'PSA1_NOR_NOR_004', 'Ansikts-studien (NOR_004)','psa1_NOR_004', 'PSA1 Study: NOR_004', NOW() );

REPLACE INTO project_items VALUES 
(119, 'set', 160, 1, NULL),
(120, 'set', 160, 1, NULL),
(121, 'set', 160, 1, NULL),
(122, 'set', 160, 1, NULL),
(123, 'set', 160, 1, NULL);

REPLACE INTO access (type, id, user_id) VALUES
('project', 119, 1),
('project', 120, 1),
('project', 121, 1),
('project', 122, 1),
('project', 123, 1);

UPDATE project SET intro='I denne studien vil du bli bedt om å fylle ut et veldig kort spørreskjema om deg selv, for eksempel om din alder. Du vil deretter bli bedt om å vurdere 120 ansikter på forskjellige personlighetstrekk. Etter dette, vil du bli bedt om å vurdere de samme ansiktene på de samme trekkene en gang til. Vennligst trykk på knappen nedenfor for å gi ditt samtykke og for å starte oppgaven' WHERE id >=119 AND id <=123;
UPDATE sets SET feedback_general = 'Studien er nå ferdig. Vennligst gi beskjed til eksperimentatoren.' WHERE id = 160;