UPDATE exp SET res_name='PSA1_TUR_Agg_1', name='Saldırganlık Değerlendirmesi', instructions='Toplam 120 adet yüz göreceksiniz. Lütfen her bir kişinin ne kadar saldırgan olduğunu düşündüğünüzü, yüzün üzerinde bulunan tuşlardan kararınızı en iyi şekilde yansıtanı tıklayarak belirtiniz.', question = 'Bu kişi ne kadar saldırgan (düşmanca davranmaya meyillidir)?' WHERE id=85;
UPDATE exp SET res_name='PSA1_TUR_Att_1', name='Çekicilik Değerlendirmesi', instructions='Toplam 120 adet yüz göreceksiniz. Lütfen her bir kişinin ne kadar çekici olduğunu düşündüğünüzü, yüzün üzerinde bulunan tuşlardan kararınızı en iyi şekilde yansıtanı tıklayarak belirtiniz.', question = 'Bu kişi ne kadar çekici (güzellik, görünüş, karakter tipi vs. aracılığıyla duyulara hitap etmektedir)?' WHERE id=86;
UPDATE exp SET res_name='PSA1_TUR_Car_1', name='Şefkatlilik Değerlendirmesi', instructions='Toplam 120 adet yüz göreceksiniz. Lütfen her bir kişinin ne kadar şefkatli olduğunu düşündüğünüzü, yüzün üzerinde bulunan tuşlardan kararınızı en iyi şekilde yansıtanı tıklayarak belirtiniz. ', question = 'Bu kişi ne kadar şefkatli (diğer insanlara karşı ilgi gösterme veya iyilik etme ihtiyacı hissetme)?' WHERE id=87;
UPDATE exp SET res_name='PSA1_TUR_Con_1', name='Özgüven Değerlendirmesi', instructions='Toplam 120 adet yüz göreceksiniz. Lütfen her bir kişinin ne kadar özgüvenli olduğunu düşündüğünüzü, yüzün üzerinde bulunan tuşlardan kararınızı en iyi şekilde yansıtanı tıklayarak belirtiniz. ', question = 'Bu kişi ne kadar özgüvenlidir (kendisinden emin; kendi becerileri hakkında hiçbir şüphesi yok)?' WHERE id=88;
UPDATE exp SET res_name='PSA1_TUR_Dom_1', name='Baskınlık Değerlendirmesi', instructions='Toplam 120 adet yüz göreceksiniz. Lütfen her bir kişinin ne kadar baskın olduğunu düşündüğünüzü, yüzün üzerinde bulunan tuşlardan kararınızı en iyi şekilde yansıtanı tıklayarak belirtiniz. ', question = 'Bu kişi ne kadar baskın (güçlü; önem arzeden)?' WHERE id=89;
UPDATE exp SET res_name='PSA1_TUR_Emo_1', name='Duygusal Denge Değerlendirmesi', instructions='Toplam 120 adet yüz göreceksiniz. Lütfen her bir kişinin duygusal açıdan ne kadar dengeli olduğunu düşündüğünüzü, yüzün üzerinde bulunan tuşlardan kararınızı en iyi şekilde yansıtanı tıklayarak belirtiniz.', question = 'Bu kişi duygusal açıdan ne kadar dengeli (duygusal dengesizliğe veya rahatsızlığa eğilimi olmayan; aklı başında; akıl sağlığı yerinde)?' WHERE id=90;
UPDATE exp SET res_name='PSA1_TUR_Unh_1', name='Mutsuzluk Değerlendirmesi', instructions='Toplam 120 adet yüz göreceksiniz. Lütfen her bir kişinin ne kadar mutsuz olduğunu düşündüğünüzü, yüzün üzerinde bulunan tuşlardan kararınızı en iyi şekilde yansıtanı tıklayarak belirtiniz.', question = 'Bu kişi ne kadar mutsuz (neşeli değil; üzgün veya depresiftir)?' WHERE id=91;
UPDATE exp SET res_name='PSA1_TUR_Int_1', name='Zeka Değerlendirmesi', instructions='Toplam 120 adet yüz göreceksiniz. Lütfen her bir kişinin ne kadar zeki olduğunu düşündüğünüzü, yüzün üzerinde bulunan tuşlardan kararınızı en iyi şekilde yansıtanı tıklayarak belirtiniz.', question = 'Bu kişi ne kadar zeki (iyi bir kavrama yetisine veya yüksek seviyede zihinsel bir kapasiteye sahiptir)?' WHERE id=92;
UPDATE exp SET res_name='PSA1_TUR_Mea_1', name='Acımasızlık Değerlendirmesi', instructions='Toplam 120 adet yüz göreceksiniz. Lütfen her bir kişinin ne kadar acımasız olduğunu düşündüğünüzü, yüzün üzerinde bulunan tuşlardan kararınızı en iyi şekilde yansıtanı tıklayarak belirtiniz.', question = 'Bu kişi ne kadar acımasızdır (rencide edici, bencil veya uzlaşmacı olmayan; edepsiz; kötü niyetlidir)?' WHERE id=93;
UPDATE exp SET res_name='PSA1_TUR_Res_1', name='Sorumluluk Değerlendirmesi', instructions='Toplam 120 adet yüz göreceksiniz. Lütfen her bir kişinin ne kadar sorumlu olduğunu düşündüğünüzü, yüzün üzerinde bulunan tuşlardan kararınızı en iyi şekilde yansıtanı tıklayarak belirtiniz.', question = 'Bu kişi ne kadar sorumlu (başkasının yönlendirmesi olmadan mantıklı kararlar alabilir; kendi davranışlarının sorumluluğunu alabilir)?' WHERE id=94;
UPDATE exp SET res_name='PSA1_TUR_Soc_1', name='Arkadaş Canlılığı Değerlendirmesi', instructions='Toplam 120 adet yüz göreceksiniz. Lütfen her bir kişinin ne kadar arkadaş canlısı olduğunu düşündüğünüzü, yüzün üzerinde bulunan tuşlardan kararınızı en iyi şekilde yansıtanı tıklayarak belirtiniz.', question = 'Bu kişi ne kadar arkadaş canlısı (sıcakkanlı veya grup içinde uyumlu; cana yakındır)?' WHERE id=95;
UPDATE exp SET res_name='PSA1_TUR_Tru_1', name='Güvenilirlik Değerlendirmesi', instructions='Toplam 120 adet yüz göreceksiniz. Lütfen her bir kişinin ne kadar güvenilir olduğunu düşündüğünüzü, yüzün üzerinde bulunan tuşlardan kararınızı en iyi şekilde yansıtanı tıklayarak belirtiniz.', question = 'Bu kişi ne kadar güvenilir (güvenilmeyi hak eden; itimat edilebilir)?' WHERE id=96;
UPDATE exp SET res_name='PSA1_TUR_Wei_1', name='Gariplik Değerlendirmesi', instructions='Toplam 120 adet yüz göreceksiniz. Lütfen her bir kişinin ne kadar garip olduğunu düşündüğünüzü, yüzün üzerinde bulunan tuşlardan kararınızı en iyi şekilde yansıtanı tıklayarak belirtiniz.', question = 'Bu kişi ne kadar garip (tuhaf veya acayip)?' WHERE id=97;
UPDATE exp SET res_name='PSA1_TUR_Old_1', name='Yaşlılık Değerlendirmesi', instructions='Toplam 120 adet yüz göreceksiniz. Lütfen her bir kişinin ne kadar yaşlı olduğunu düşündüğünüzü, yüzün üzerinde bulunan tuşlardan kararınızı en iyi şekilde yansıtanı tıklayarak belirtiniz.', question = 'Bu kişi ne kadar yaşlıdır (yaşça büyük; genç değildir)?' WHERE id=98;
UPDATE exp SET res_name='PSA1_TUR_Agg_2', name='Saldırganlık Değerlendirmesi', instructions='Toplam 120 adet yüz göreceksiniz. Lütfen her bir kişinin ne kadar saldırgan olduğunu düşündüğünüzü, yüzün üzerinde bulunan tuşlardan kararınızı en iyi şekilde yansıtanı tıklayarak belirtiniz.', question = 'Bu kişi ne kadar saldırgan (düşmanca davranmaya meyillidir)?' WHERE id=99;
UPDATE exp SET res_name='PSA1_TUR_Att_2', name='Çekicilik Değerlendirmesi', instructions='Toplam 120 adet yüz göreceksiniz. Lütfen her bir kişinin ne kadar çekici olduğunu düşündüğünüzü, yüzün üzerinde bulunan tuşlardan kararınızı en iyi şekilde yansıtanı tıklayarak belirtiniz.', question = 'Bu kişi ne kadar çekici (güzellik, görünüş, karakter tipi vs. aracılığıyla duyulara hitap etmektedir)?' WHERE id=100;
UPDATE exp SET res_name='PSA1_TUR_Car_2', name='Şefkatlilik Değerlendirmesi', instructions='Toplam 120 adet yüz göreceksiniz. Lütfen her bir kişinin ne kadar şefkatli olduğunu düşündüğünüzü, yüzün üzerinde bulunan tuşlardan kararınızı en iyi şekilde yansıtanı tıklayarak belirtiniz. ', question = 'Bu kişi ne kadar şefkatli (diğer insanlara karşı ilgi gösterme veya iyilik etme ihtiyacı hissetme)?' WHERE id=101;
UPDATE exp SET res_name='PSA1_TUR_Con_2', name='Özgüven Değerlendirmesi', instructions='Toplam 120 adet yüz göreceksiniz. Lütfen her bir kişinin ne kadar özgüvenli olduğunu düşündüğünüzü, yüzün üzerinde bulunan tuşlardan kararınızı en iyi şekilde yansıtanı tıklayarak belirtiniz. ', question = 'Bu kişi ne kadar özgüvenlidir (kendisinden emin; kendi becerileri hakkında hiçbir şüphesi yok)?' WHERE id=102;
UPDATE exp SET res_name='PSA1_TUR_Dom_2', name='Baskınlık Değerlendirmesi', instructions='Toplam 120 adet yüz göreceksiniz. Lütfen her bir kişinin ne kadar baskın olduğunu düşündüğünüzü, yüzün üzerinde bulunan tuşlardan kararınızı en iyi şekilde yansıtanı tıklayarak belirtiniz. ', question = 'Bu kişi ne kadar baskın (güçlü; önem arzeden)?' WHERE id=103;
UPDATE exp SET res_name='PSA1_TUR_Emo_2', name='Duygusal Denge Değerlendirmesi', instructions='Toplam 120 adet yüz göreceksiniz. Lütfen her bir kişinin duygusal açıdan ne kadar dengeli olduğunu düşündüğünüzü, yüzün üzerinde bulunan tuşlardan kararınızı en iyi şekilde yansıtanı tıklayarak belirtiniz.', question = 'Bu kişi duygusal açıdan ne kadar dengeli (duygusal dengesizliğe veya rahatsızlığa eğilimi olmayan; aklı başında; akıl sağlığı yerinde)?' WHERE id=104;
UPDATE exp SET res_name='PSA1_TUR_Unh_2', name='Mutsuzluk Değerlendirmesi', instructions='Toplam 120 adet yüz göreceksiniz. Lütfen her bir kişinin ne kadar mutsuz olduğunu düşündüğünüzü, yüzün üzerinde bulunan tuşlardan kararınızı en iyi şekilde yansıtanı tıklayarak belirtiniz.', question = 'Bu kişi ne kadar mutsuz (neşeli değil; üzgün veya depresiftir)?' WHERE id=105;
UPDATE exp SET res_name='PSA1_TUR_Int_2', name='Zeka Değerlendirmesi', instructions='Toplam 120 adet yüz göreceksiniz. Lütfen her bir kişinin ne kadar zeki olduğunu düşündüğünüzü, yüzün üzerinde bulunan tuşlardan kararınızı en iyi şekilde yansıtanı tıklayarak belirtiniz.', question = 'Bu kişi ne kadar zeki (iyi bir kavrama yetisine veya yüksek seviyede zihinsel bir kapasiteye sahiptir)?' WHERE id=106;
UPDATE exp SET res_name='PSA1_TUR_Mea_2', name='Acımasızlık Değerlendirmesi', instructions='Toplam 120 adet yüz göreceksiniz. Lütfen her bir kişinin ne kadar acımasız olduğunu düşündüğünüzü, yüzün üzerinde bulunan tuşlardan kararınızı en iyi şekilde yansıtanı tıklayarak belirtiniz.', question = 'Bu kişi ne kadar acımasızdır (rencide edici, bencil veya uzlaşmacı olmayan; edepsiz; kötü niyetlidir)?' WHERE id=107;
UPDATE exp SET res_name='PSA1_TUR_Res_2', name='Sorumluluk Değerlendirmesi', instructions='Toplam 120 adet yüz göreceksiniz. Lütfen her bir kişinin ne kadar sorumlu olduğunu düşündüğünüzü, yüzün üzerinde bulunan tuşlardan kararınızı en iyi şekilde yansıtanı tıklayarak belirtiniz.', question = 'Bu kişi ne kadar sorumlu (başkasının yönlendirmesi olmadan mantıklı kararlar alabilir; kendi davranışlarının sorumluluğunu alabilir)?' WHERE id=108;
UPDATE exp SET res_name='PSA1_TUR_Soc_2', name='Arkadaş Canlılığı Değerlendirmesi', instructions='Toplam 120 adet yüz göreceksiniz. Lütfen her bir kişinin ne kadar arkadaş canlısı olduğunu düşündüğünüzü, yüzün üzerinde bulunan tuşlardan kararınızı en iyi şekilde yansıtanı tıklayarak belirtiniz.', question = 'Bu kişi ne kadar arkadaş canlısı (sıcakkanlı veya grup içinde uyumlu; cana yakındır)?' WHERE id=109;
UPDATE exp SET res_name='PSA1_TUR_Tru_2', name='Güvenilirlik Değerlendirmesi', instructions='Toplam 120 adet yüz göreceksiniz. Lütfen her bir kişinin ne kadar güvenilir olduğunu düşündüğünüzü, yüzün üzerinde bulunan tuşlardan kararınızı en iyi şekilde yansıtanı tıklayarak belirtiniz.', question = 'Bu kişi ne kadar güvenilir (güvenilmeyi hak eden; itimat edilebilir)?' WHERE id=110;
UPDATE exp SET res_name='PSA1_TUR_Wei_2', name='Gariplik Değerlendirmesi', instructions='Toplam 120 adet yüz göreceksiniz. Lütfen her bir kişinin ne kadar garip olduğunu düşündüğünüzü, yüzün üzerinde bulunan tuşlardan kararınızı en iyi şekilde yansıtanı tıklayarak belirtiniz.', question = 'Bu kişi ne kadar garip (tuhaf veya acayip)?' WHERE id=111;
UPDATE exp SET res_name='PSA1_TUR_Old_2', name='Yaşlılık Değerlendirmesi', instructions='Toplam 120 adet yüz göreceksiniz. Lütfen her bir kişinin ne kadar yaşlı olduğunu düşündüğünüzü, yüzün üzerinde bulunan tuşlardan kararınızı en iyi şekilde yansıtanı tıklayarak belirtiniz.', question = 'Bu kişi ne kadar yaşlıdır (yaşça büyük; genç değildir)?' WHERE id=112;

REPLACE INTO set_items (set_id, item_type, item_id, item_n) VALUES 
(49, 'exp', 85, 1),
(50, 'exp', 86, 1),
(51, 'exp', 87, 1),
(52, 'exp', 88, 1),
(53, 'exp', 89, 1),
(54, 'exp', 90, 1),
(55, 'exp', 91, 1),
(56, 'exp', 92, 1),
(57, 'exp', 93, 1),
(58, 'exp', 94, 1),
(59, 'exp', 95, 1),
(60, 'exp', 96, 1),
(61, 'exp', 97, 1),
(62, 'exp', 98, 1),
(49, 'exp', 99, 2),
(50, 'exp', 100, 2),
(51, 'exp', 101, 2),
(52, 'exp', 102, 2),
(53, 'exp', 103, 2),
(54, 'exp', 104, 2),
(55, 'exp', 105, 2),
(56, 'exp', 106, 2),
(57, 'exp', 107, 2),
(58, 'exp', 108, 2),
(59, 'exp', 109, 2),
(60, 'exp', 110, 2),
(61, 'exp', 111, 2),
(62, 'exp', 112, 2),
(63, 'set', 49, 1),
(63, 'set', 50, 2),
(63, 'set', 51, 3),
(63, 'set', 52, 4),
(63, 'set', 53, 5),
(63, 'set', 54, 6),
(63, 'set', 55, 7),
(63, 'set', 56, 8),
(63, 'set', 57, 9),
(63, 'set', 58, 10),
(63, 'set', 59, 11),
(63, 'set', 60, 12),
(63, 'set', 61, 13),
(63, 'set', 62, 14),
(64, 'set', 63, 1);

REPLACE INTO access (type, id, user_id) VALUES
('exp', 85, 1),
('exp', 86, 1),
('exp', 87, 1),
('exp', 88, 1),
('exp', 89, 1),
('exp', 90, 1),
('exp', 91, 1),
('exp', 92, 1),
('exp', 93, 1),
('exp', 94, 1),
('exp', 95, 1),
('exp', 96, 1),
('exp', 97, 1),
('exp', 98, 1),
('exp', 99, 1),
('exp', 100, 1),
('exp', 101, 1),
('exp', 102, 1),
('exp', 103, 1),
('exp', 104, 1),
('exp', 105, 1),
('exp', 106, 1),
('exp', 107, 1),
('exp', 108, 1),
('exp', 109, 1),
('exp', 110, 1),
('exp', 111, 1),
('exp', 112, 1),
('sets', 49, 1),
('sets', 50, 1),
('sets', 51, 1),
('sets', 52, 1),
('sets', 53, 1),
('sets', 54, 1),
('sets', 55, 1),
('sets', 56, 1),
('sets', 57, 1),
('sets', 58, 1),
('sets', 59, 1),
('sets', 60, 1),
('sets', 61, 1),
('sets', 62, 1),
('sets', 63, 1),
('sets', 64, 1);

REPLACE INTO sets (res_name, name, id, create_date, type) VALUES 
('PSA1_TUR_Agg', 'Saldırganlık Değerlendirmesi' ,49, NOW(), 'fixed'),
('PSA1_TUR_Att', 'Çekicilik Değerlendirmesi' ,50, NOW(), 'fixed'),
('PSA1_TUR_Car', 'Şefkatlilik Değerlendirmesi' ,51, NOW(), 'fixed'),
('PSA1_TUR_Con', 'Özgüven Değerlendirmesi' ,52, NOW(), 'fixed'),
('PSA1_TUR_Dom', 'Baskınlık Değerlendirmesi' ,53, NOW(), 'fixed'),
('PSA1_TUR_Emo', 'Duygusal Denge Değerlendirmesi' ,54, NOW(), 'fixed'),
('PSA1_TUR_Unh', 'Mutsuzluk Değerlendirmesi' ,55, NOW(), 'fixed'),
('PSA1_TUR_Int', 'Zeka Değerlendirmesi' ,56, NOW(), 'fixed'),
('PSA1_TUR_Mea', 'Acımasızlık Değerlendirmesi' ,57, NOW(), 'fixed'),
('PSA1_TUR_Res', 'Sorumluluk Değerlendirmesi' ,58, NOW(), 'fixed'),
('PSA1_TUR_Soc', 'Arkadaş Canlılığı Değerlendirmesi' ,59, NOW(), 'fixed'),
('PSA1_TUR_Tru', 'Güvenilirlik Değerlendirmesi' ,60, NOW(), 'fixed'),
('PSA1_TUR_Wei', 'Gariplik Değerlendirmesi' ,61, NOW(), 'fixed'),
('PSA1_TUR_Old', 'Yaşlılık Değerlendirmesi' ,62, NOW(), 'fixed'),
('PSA1_TUR_Ratings', 'Ratings' ,63, NOW(), 'one_random'),
('PSA1_TUR', 'Yüzlerle ilgili çalışma' ,64, NOW(), 'fixed');

REPLACE INTO project (id, res_name, name, url, blurb, create_date) VALUES
(80, 'PSA1_TUR_test', 'Yüzlerle ilgili çalışma (TUR_test)','psa1_TUR_test', 'PSA1 Study: TUR_test', NOW() ),
(81, 'PSA1_TUR_TUR_001', 'Yüzlerle ilgili çalışma (TUR_001)','psa1_TUR_001', 'PSA1 Study: TUR_001', NOW() ),
(82, 'PSA1_TUR_TUR_003', 'Yüzlerle ilgili çalışma (TUR_003)','psa1_TUR_003', 'PSA1 Study: TUR_003', NOW() ),
(83, 'PSA1_TUR_TUR_009', 'Yüzlerle ilgili çalışma (TUR_009)','psa1_TUR_009', 'PSA1 Study: TUR_009', NOW() ),
(84, 'PSA1_TUR_TUK_007', 'Yüzlerle ilgili çalışma (TUK_007)','psa1_TUK_007', 'PSA1 Study: TUK_007', NOW() ),
(85, 'PSA1_TUR_TUR_013', 'Yüzlerle ilgili çalışma (TUR_013)','psa1_TUR_013', 'PSA1 Study: TUR_013', NOW() );

REPLACE INTO project_items VALUES 
(80, 'set', 64, 1, NULL),
(81, 'set', 64, 1, NULL),
(82, 'set', 64, 1, NULL),
(83, 'set', 64, 1, NULL),
(84, 'set', 64, 1, NULL),
(85, 'set', 64, 1, NULL);

REPLACE INTO access (type, id, user_id) VALUES
('project', 80, 1),
('project', 81, 1),
('project', 82, 1),
('project', 83, 1),
('project', 84, 1),
('project', 85, 1);

UPDATE project SET intro="Bu çalışmada, yaşınız gibi bilgileri toplamak için çok kısa bir anket doldurmanız istenecektir.  Daha sonra 120 adet insan yüzünü belirli bir özellik üzerinden değerlendirmeniz istenecektir.  Bunu tamamladıktan sonra, aynı yüzleri aynı özellik üzerinden tekrar değerlendirmeniz istenecektir.  Lütfen onay verip çalışmayı başlatmak için aşağıdaki butona tıklayınız." WHERE id >=80 AND id <=82;