UPDATE exp SET res_name='PSA1_FAS_Agg_1', name=' پرخاشگری', instructions='شما 120 چهره مشاهده خواهید کرد. لطفا با کلیک کردن بر روی گزینه‌های بالای هر تصویر مشخص کنید که فرد داخل تصویر چقدر پرخاشگر به نظر می رسد.', question = 'این فرد چقدر پرخاشگر به نظر می رسد؟ (یعنی مایل به انجام رفتار غیردوستانه)' WHERE id=169;
UPDATE exp SET res_name='PSA1_FAS_Att_1', name=' جذابیت', instructions='شما 120 چهره مشاهده خواهید کرد. لطفا با کلیک کردن بر روی گزینه‌های بالای هر تصویر مشخص کنید که فرد داخل تصویر چقدر جذاب به نظر می رسد.', question = 'این فرد چقدر جذاب به نظر می رسد؟ (یعنی زیبا، خوش تیپ یا دارای شخصیت جالب)' WHERE id=170;
UPDATE exp SET res_name='PSA1_FAS_Car_1', name=' مراقبت و توجه به دیگران', instructions='شما 120 چهره مشاهده خواهید کرد. لطفا با کلیک کردن بر روی گزینه‌های بالای هر تصویر مشخص کنید که به نظر شما فرد داخل تصویر چقدر به دیگران توجه و مراقبت نشان می‌دهد.', question = 'این فرد چقدر به دیگران توجه و مراقبت نشان می‌دهد؟ (یعنی قادر به دلسوزی و همدردی)' WHERE id=171;
UPDATE exp SET res_name='PSA1_FAS_Con_1', name=' اعتماد به نفس', instructions='شما 120 چهره مشاهده خواهید کرد. لطفا با کلیک کردن بر روی گزینه‌های بالای هر تصویر مشخص کنید که فرد داخل تصویر چقدر دارای اعتماد‌ به نفس به نظر می رسد.', question = 'این فرد چقدر دارای اعتماد به نفس به نظر می رسد؟ (یعنی مطمئن به توانایی خود)' WHERE id=172;
UPDATE exp SET res_name='PSA1_FAS_Dom_1', name=' تسلط بر دیگران', instructions='شما 120 چهره مشاهده خواهید کرد. لطفا با کلیک کردن بر روی گزینه های بالای هر تصویر مشخص کنید که فرد داخل تصویر چقدر مسلط بر دیگران به نظر می رسد.', question = 'این فرد چقدر مسلط بر دیگران به نظر می رسد؟ (یعنی قوی و مهم)' WHERE id=173;
UPDATE exp SET res_name='PSA1_FAS_Emo_1', name=' ثبات هیجانی', instructions='شما 120 چهره مشاهده خواهید کرد. لطفا با کلیک کردن بر روی گزینه‌های بالای هر تصویر مشخص کنید که فرد داخل تصویر چقدر دارای ثبات هیجانی به نظر می رسد.', question = 'این فرد چقدر دارای ثبات هیجانی به نظر می رسد؟ (یعنی دچار ناپایداری هیجانی نباشد و از نظر ذهنی سالم باشد)' WHERE id=174;
UPDATE exp SET res_name='PSA1_FAS_Unh_1', name=' ناراحتی', instructions='شما 120 چهره مشاهده خواهید کرد. لطفا با کلیک کردن بر روی گزینه‌های بالای هر تصویر مشخص کنید که فرد داخل تصویر چقدر ناراحت به نظر می رسد.', question = 'این فرد چقدر ناراحت به نظر می رسد؟ (یعنی عدم شادی، احساس غم و افسردگی)' WHERE id=175;
UPDATE exp SET res_name='PSA1_FAS_Int_1', name=' هوش', instructions='شما 120 چهره مشاهده خواهید کرد. لطفا با کلیک کردن بر روی گزینه‌های بالای هر تصویر مشخص کنید که فرد داخل تصویر چقدر باهوش به نظر می رسد.', question = 'این فرد چقدر باهوش به نظر می رسد؟ (یعنی دارای درک و ظرفیت ذهنی بالا)' WHERE id=176;
UPDATE exp SET res_name='PSA1_FAS_Mea_1', name=' بدجنسی', instructions='شما 120 چهره مشاهده خواهید کرد. لطفا با کلیک کردن بر روی گزینه‌های بالای هر تصویر مشخص کنید که فرد داخل تصویر چقدر بدجنس به نظر می رسد.', question = 'این فرد چقدر بدجنس به نظر می رسد؟ (یعنی آزاردهنده، خودخواه، یا عنادورز)' WHERE id=177;
UPDATE exp SET res_name='PSA1_FAS_Res_1', name=' مسئولیت‌پذیری', instructions='شما 120 چهره مشاهده خواهید کرد. لطفا با کلیک کردن بر روی گزینه‌های بالای هر تصویر مشخص کنید که فرد داخل تصویر چقدر مسئولیت‌پذیر به نظر می رسد.', question = 'این شخص چقدر مسئولیت‌پذیر به نظر می‌رسد؟ (یعنی قادر به تصمیم‌گیری منطقی بدون نظارت دیگران؛ جوابگوی رفتارهایش)' WHERE id=178;
UPDATE exp SET res_name='PSA1_FAS_Soc_1', name=' اجتماعی بودن', instructions='شما 120 چهره مشاهده خواهید کرد. لطفا با کلیک کردن بر روی گزینه‌های بالای هر تصویر مشخص کنید که فرد داخل تصویر چقدر اجتماعی به نظر می رسد.', question = 'این شخص چقدر اجتماعی به نظر می‌‌‌‌رسد؟ (یعنی موافق و همراه؛ قابل معاشرت)' WHERE id=179;
UPDATE exp SET res_name='PSA1_FAS_Tru_1', name=' قابل‌اعتماد بودن', instructions='شما 120 چهره مشاهده خواهید کرد. لطفا با کلیک کردن بر روی گزینه‌های بالای هر تصویر مشخص کنید که فرد داخل تصویر چقدر قابل اعتماد به نظر می رسد.', question = 'این شخص چقدر قابل اعتماد به نظر می‌رسد؟ (یعنی لایق اطمینان؛ قابل اتکا)' WHERE id=180;
UPDATE exp SET res_name='PSA1_FAS_Wei_1', name=' عجیب‌غریب بودن', instructions='شما 120 چهره مشاهده خواهید کرد. لطفا با کلیک کردن بر روی گزینه‌های بالای هر تصویر مشخص کنید که فرد داخل تصویر چقدر عجیب و غریب به نظر می رسد.', question = 'این شخص چقدر عجیب‌غریب به نظر می‌رسد؟ (یعنی عجیب و نامأنوس)' WHERE id=181;
UPDATE exp SET res_name='PSA1_FAS_Old_1', name=' سن', instructions='شما 120 چهره مشاهده خواهید کرد. لطفا با کلیک کردن بر روی گزینه‌های بالای هر تصویر مشخص کنید که فرد داخل تصویر چقدر پیر به نظر می رسد.', question = 'این شخص چقدر پیر به نظر می‌رسد؟ (یعنی مسن؛ غیر جوان)' WHERE id=182;
UPDATE exp SET res_name='PSA1_FAS_Agg_2', name=' پرخاشگری', instructions='شما 120 چهره مشاهده خواهید کرد. لطفا با کلیک کردن بر روی گزینه‌های بالای هر تصویر مشخص کنید که فرد داخل تصویر چقدر پرخاشگر به نظر می رسد.', question = 'این فرد چقدر پرخاشگر به نظر می رسد؟ (یعنی مایل به انجام رفتار غیردوستانه)' WHERE id=183;
UPDATE exp SET res_name='PSA1_FAS_Att_2', name=' جذابیت', instructions='شما 120 چهره مشاهده خواهید کرد. لطفا با کلیک کردن بر روی گزینه‌های بالای هر تصویر مشخص کنید که فرد داخل تصویر چقدر جذاب به نظر می رسد.', question = 'این فرد چقدر جذاب به نظر می رسد؟ (یعنی زیبا، خوش تیپ یا دارای شخصیت جالب)' WHERE id=184;
UPDATE exp SET res_name='PSA1_FAS_Car_2', name=' مراقبت و توجه به دیگران', instructions='شما 120 چهره مشاهده خواهید کرد. لطفا با کلیک کردن بر روی گزینه‌های بالای هر تصویر مشخص کنید که به نظر شما فرد داخل تصویر چقدر به دیگران توجه و مراقبت نشان می‌دهد.', question = 'این فرد چقدر به دیگران توجه و مراقبت نشان می‌دهد؟ (یعنی قادر به دلسوزی و همدردی)' WHERE id=185;
UPDATE exp SET res_name='PSA1_FAS_Con_2', name=' اعتماد به نفس', instructions='شما 120 چهره مشاهده خواهید کرد. لطفا با کلیک کردن بر روی گزینه‌های بالای هر تصویر مشخص کنید که فرد داخل تصویر چقدر دارای اعتماد‌ به نفس به نظر می رسد.', question = 'این فرد چقدر دارای اعتماد به نفس به نظر می رسد؟ (یعنی مطمئن به توانایی خود)' WHERE id=186;
UPDATE exp SET res_name='PSA1_FAS_Dom_2', name=' تسلط بر دیگران', instructions='شما 120 چهره مشاهده خواهید کرد. لطفا با کلیک کردن بر روی گزینه های بالای هر تصویر مشخص کنید که فرد داخل تصویر چقدر مسلط بر دیگران به نظر می رسد.', question = 'این فرد چقدر مسلط بر دیگران به نظر می رسد؟ (یعنی قوی و مهم)' WHERE id=187;
UPDATE exp SET res_name='PSA1_FAS_Emo_2', name=' ثبات هیجانی', instructions='شما 120 چهره مشاهده خواهید کرد. لطفا با کلیک کردن بر روی گزینه‌های بالای هر تصویر مشخص کنید که فرد داخل تصویر چقدر دارای ثبات هیجانی به نظر می رسد.', question = 'این فرد چقدر دارای ثبات هیجانی به نظر می رسد؟ (یعنی دچار ناپایداری هیجانی نباشد و از نظر ذهنی سالم باشد)' WHERE id=188;
UPDATE exp SET res_name='PSA1_FAS_Unh_2', name=' ناراحتی', instructions='شما 120 چهره مشاهده خواهید کرد. لطفا با کلیک کردن بر روی گزینه‌های بالای هر تصویر مشخص کنید که فرد داخل تصویر چقدر ناراحت به نظر می رسد.', question = 'این فرد چقدر ناراحت به نظر می رسد؟ (یعنی عدم شادی، احساس غم و افسردگی)' WHERE id=189;
UPDATE exp SET res_name='PSA1_FAS_Int_2', name=' هوش', instructions='شما 120 چهره مشاهده خواهید کرد. لطفا با کلیک کردن بر روی گزینه‌های بالای هر تصویر مشخص کنید که فرد داخل تصویر چقدر باهوش به نظر می رسد.', question = 'این فرد چقدر باهوش به نظر می رسد؟ (یعنی دارای درک و ظرفیت ذهنی بالا)' WHERE id=190;
UPDATE exp SET res_name='PSA1_FAS_Mea_2', name=' بدجنسی', instructions='شما 120 چهره مشاهده خواهید کرد. لطفا با کلیک کردن بر روی گزینه‌های بالای هر تصویر مشخص کنید که فرد داخل تصویر چقدر بدجنس به نظر می رسد.', question = 'این فرد چقدر بدجنس به نظر می رسد؟ (یعنی آزاردهنده، خودخواه، یا عنادورز)' WHERE id=191;
UPDATE exp SET res_name='PSA1_FAS_Res_2', name=' مسئولیت‌پذیری', instructions='شما 120 چهره مشاهده خواهید کرد. لطفا با کلیک کردن بر روی گزینه‌های بالای هر تصویر مشخص کنید که فرد داخل تصویر چقدر مسئولیت‌پذیر به نظر می رسد.', question = 'این شخص چقدر مسئولیت‌پذیر به نظر می‌رسد؟ (یعنی قادر به تصمیم‌گیری منطقی بدون نظارت دیگران؛ جوابگوی رفتارهایش)' WHERE id=192;
UPDATE exp SET res_name='PSA1_FAS_Soc_2', name=' اجتماعی بودن', instructions='شما 120 چهره مشاهده خواهید کرد. لطفا با کلیک کردن بر روی گزینه‌های بالای هر تصویر مشخص کنید که فرد داخل تصویر چقدر اجتماعی به نظر می رسد.', question = 'این شخص چقدر اجتماعی به نظر می‌‌‌‌رسد؟ (یعنی موافق و همراه؛ قابل معاشرت)' WHERE id=193;
UPDATE exp SET res_name='PSA1_FAS_Tru_2', name=' قابل‌اعتماد بودن', instructions='شما 120 چهره مشاهده خواهید کرد. لطفا با کلیک کردن بر روی گزینه‌های بالای هر تصویر مشخص کنید که فرد داخل تصویر چقدر قابل اعتماد به نظر می رسد.', question = 'این شخص چقدر قابل اعتماد به نظر می‌رسد؟ (یعنی لایق اطمینان؛ قابل اتکا)' WHERE id=194;
UPDATE exp SET res_name='PSA1_FAS_Wei_2', name=' عجیب‌غریب بودن', instructions='شما 120 چهره مشاهده خواهید کرد. لطفا با کلیک کردن بر روی گزینه‌های بالای هر تصویر مشخص کنید که فرد داخل تصویر چقدر عجیب و غریب به نظر می رسد.', question = 'این شخص چقدر عجیب‌غریب به نظر می‌رسد؟ (یعنی عجیب و نامأنوس)' WHERE id=195;
UPDATE exp SET res_name='PSA1_FAS_Old_2', name=' سن', instructions='شما 120 چهره مشاهده خواهید کرد. لطفا با کلیک کردن بر روی گزینه‌های بالای هر تصویر مشخص کنید که فرد داخل تصویر چقدر پیر به نظر می رسد.', question = 'این شخص چقدر پیر به نظر می‌رسد؟ (یعنی مسن؛ غیر جوان)' WHERE id=196;

REPLACE INTO set_items (set_id, item_type, item_id, item_n) VALUES 
(97, 'exp', 169, 1),
(98, 'exp', 170, 1),
(99, 'exp', 171, 1),
(100, 'exp', 172, 1),
(101, 'exp', 173, 1),
(102, 'exp', 174, 1),
(103, 'exp', 175, 1),
(104, 'exp', 176, 1),
(105, 'exp', 177, 1),
(106, 'exp', 178, 1),
(107, 'exp', 179, 1),
(108, 'exp', 180, 1),
(109, 'exp', 181, 1),
(110, 'exp', 182, 1),
(97, 'exp', 183, 2),
(98, 'exp', 184, 2),
(99, 'exp', 185, 2),
(100, 'exp', 186, 2),
(101, 'exp', 187, 2),
(102, 'exp', 188, 2),
(103, 'exp', 189, 2),
(104, 'exp', 190, 2),
(105, 'exp', 191, 2),
(106, 'exp', 192, 2),
(107, 'exp', 193, 2),
(108, 'exp', 194, 2),
(109, 'exp', 195, 2),
(110, 'exp', 196, 2),
(111, 'set', 97, 1),
(111, 'set', 98, 2),
(111, 'set', 99, 3),
(111, 'set', 100, 4),
(111, 'set', 101, 5),
(111, 'set', 102, 6),
(111, 'set', 103, 7),
(111, 'set', 104, 8),
(111, 'set', 105, 9),
(111, 'set', 106, 10),
(111, 'set', 107, 11),
(111, 'set', 108, 12),
(111, 'set', 109, 13),
(111, 'set', 110, 14),
(112, 'set', 111, 1);

REPLACE INTO access (type, id, user_id) VALUES
('exp', 169, 1),
('exp', 170, 1),
('exp', 171, 1),
('exp', 172, 1),
('exp', 173, 1),
('exp', 174, 1),
('exp', 175, 1),
('exp', 176, 1),
('exp', 177, 1),
('exp', 178, 1),
('exp', 179, 1),
('exp', 180, 1),
('exp', 181, 1),
('exp', 182, 1),
('exp', 183, 1),
('exp', 184, 1),
('exp', 185, 1),
('exp', 186, 1),
('exp', 187, 1),
('exp', 188, 1),
('exp', 189, 1),
('exp', 190, 1),
('exp', 191, 1),
('exp', 192, 1),
('exp', 193, 1),
('exp', 194, 1),
('exp', 195, 1),
('exp', 196, 1),
('sets', 97, 1),
('sets', 98, 1),
('sets', 99, 1),
('sets', 100, 1),
('sets', 101, 1),
('sets', 102, 1),
('sets', 103, 1),
('sets', 104, 1),
('sets', 105, 1),
('sets', 106, 1),
('sets', 107, 1),
('sets', 108, 1),
('sets', 109, 1),
('sets', 110, 1),
('sets', 111, 1),
('sets', 112, 1);

REPLACE INTO sets (res_name, name, create_date, type, id) VALUES 
('PSA1_FAS_Agg', ' پرخاشگری', NOW(), 'fixed', 97),
('PSA1_FAS_Att', ' جذابیت', NOW(), 'fixed', 98),
('PSA1_FAS_Car', ' مراقبت و توجه به دیگران', NOW(), 'fixed', 99),
('PSA1_FAS_Con', ' اعتماد به نفس', NOW(), 'fixed', 100),
('PSA1_FAS_Dom', ' تسلط بر دیگران', NOW(), 'fixed', 101),
('PSA1_FAS_Emo', ' ثبات هیجانی', NOW(), 'fixed', 102),
('PSA1_FAS_Unh', ' ناراحتی', NOW(), 'fixed', 103),
('PSA1_FAS_Int', ' هوش', NOW(), 'fixed', 104),
('PSA1_FAS_Mea', ' بدجنسی', NOW(), 'fixed', 105),
('PSA1_FAS_Res', ' مسئولیت‌پذیری', NOW(), 'fixed', 106),
('PSA1_FAS_Soc', ' اجتماعی بودن', NOW(), 'fixed', 107),
('PSA1_FAS_Tru', ' قابل‌اعتماد بودن', NOW(), 'fixed', 108),
('PSA1_FAS_Wei', ' عجیب‌غریب بودن', NOW(), 'fixed', 109),
('PSA1_FAS_Old', ' سن', NOW(), 'fixed', 110),
('PSA1_FAS_Ratings', 'Ratings', NOW(), 'one_random', 111),
('PSA1_FAS', 'مطالعه چهره', NOW(), 'fixed', 112);

REPLACE INTO project (id, res_name, name, url, blurb, create_date) VALUES
(107, 'PSA1_FAS_test', 'مطالعه چهره (FAS_test)','psa1_FAS_test', 'PSA1 Study: FAS_test', NOW() ),
(108, 'PSA1_FAS_IRI_001', 'مطالعه چهره (IRI_001)','psa1_IRI_001', 'PSA1 Study: IRI_001', NOW() );

REPLACE INTO project_items VALUES 
(107, 'set', 112, 1, NULL),
(108, 'set', 112, 1, NULL);

REPLACE INTO access (type, id, user_id) VALUES
('project', 107, 1),
('project', 108, 1);

UPDATE project SET intro="در این مطالعه از شما خواسته میشود تا یک پرسشنامه بسیار کوتاه را تکمیل نمایید که در آن اطلاعاتی نظیر سن از شما پرسیده خواهد شد. سپس از شما خواسته میشود تا 120 تصویر چهره را بر مبنای یک صفت مشخص نمره گذاری کنید. پس از این کار از شما خواسته میشود تا همان تصاویر را بر مبنای همان صفت مجدداً نمره گذاری کنید. لطفاً با کلیک بر روی گزینه زیر، رضایت خود را اعلام و آزمایش را شروع کنید." WHERE id >=107 AND id <= 107;
