UPDATE exp SET res_name='PSA_RU_Agg_1', name='Оценка агрессивности', instructions='Вам будут предъявлены 120 лица. Пожалуйста, укажите, насколько агрессивным Вы считаете каждого человека, нажав на ту кнопку над лицом, которая лучше выражает Ваше мнение.', question = 'Насколько этот человек агрессивен (т.е. склонен вести себя враждебно)?' WHERE id=421;
UPDATE exp SET res_name='PSA_RU_Att_1', name='Оценка привлекательности', instructions='Вам будут предъявлены 120 лица. Пожалуйста, укажите, насколько привлекательным Вы считаете каждого человека, нажав на ту кнопку над лицом, которая лучше выражает Ваше мнение.', question = 'Насколько этот человек привлекателен (т.е. приятен своей красотой, фигурой, характером и т.д.)?' WHERE id=422;
UPDATE exp SET res_name='PSA_RU_Car_1', name='Оценка заботливости', instructions='Вам будут предъявлены 120 лица. Пожалуйста, укажите, насколько заботливым Вы считаете каждого человека, нажав на ту кнопку над лицом, которая лучше выражает Ваше мнение.', question = 'Насколько этот человек заботлив (т.е. способен ощущать или выражать сочувствие)?' WHERE id=423;
UPDATE exp SET res_name='PSA_RU_Con_1', name='Оценка уверенности', instructions='Вам будут предъявлены 120 лица. Пожалуйста, укажите, насколько уверенным Вы считаете каждого человека, нажав на ту кнопку над лицом, которая лучше выражает Ваше мнение.', question = 'Насколько этот человек уверен (т.е. не сомневается в себе, нет неопределённости относительно собственных возможностей)?' WHERE id=424;
UPDATE exp SET res_name='PSA_RU_Dom_1', name='Оценка доминантности', instructions='Вам будут предъявлены 120 лица. Пожалуйста, укажите, насколько доминантным Вы считаете каждого человека, нажав на ту кнопку над лицом, которая лучше выражает Ваше мнение.', question = 'Насколько этот человек доминантен (т.е. воспринимается как сильный, важный)?' WHERE id=425;
UPDATE exp SET res_name='PSA_RU_Emo_1', name='Оценка эмоциональной стабильности', instructions='Вам будут предъявлены 120 лица. Пожалуйста, укажите, насколько эмоционально стабильным Вы считаете каждого человека, нажав на ту кнопку над лицом, которая лучше выражает Ваше мнение.', question = 'Насколько этот человек эмоционально стабилен (т.е. не склонен к эмоциональным расстройствам или перепадам настроения, разумный, здравомыслящий)?' WHERE id=426;
UPDATE exp SET res_name='PSA_RU_Unh_1', name='Оценка несчастности', instructions='Вам будут предъявлены 120 лица. Пожалуйста, укажите, насколько несчастным Вы считаете каждого человека, нажав на ту кнопку над лицом, которая лучше выражает Ваше мнение.', question = 'Насколько этот человек несчастен (т.е. не радостен, грустен, в депрессии)?' WHERE id=427;
UPDATE exp SET res_name='PSA_RU_Int_1', name='Оценка интеллекта', instructions='Вам будут предъявлены 120 лица. Пожалуйста, укажите, насколько интеллектуальным Вы считаете каждого человека, нажав на ту кнопку над лицом, которая лучше выражает Ваше мнение.', question = 'Насколько этот человек интеллектуален (т.е. начитан или обладает высокими умственными способностями)?' WHERE id=428;
UPDATE exp SET res_name='PSA_RU_Mea_1', name='Оценка подлости', instructions='Вам будут предъявлены 120 лица. Пожалуйста, укажите, насколько подлым Вы считаете каждого человека, нажав на ту кнопку над лицом, которая лучше выражает Ваше мнение.', question = 'Насколько этот человек подл (т.е. оскорбителен, эгоистичен или неуживчив; отвратителен; злобен)?' WHERE id=429;
UPDATE exp SET res_name='PSA_RU_Res_1', name='Оценка ответственности', instructions='Вам будут предъявлены 120 лица. Пожалуйста, укажите, насколько ответственным Вы считаете каждого человека, нажав на ту кнопку над лицом, которая лучше выражает Ваше мнение.', question = 'Насколько этот человек ответственен (т.е. способен самостоятельно делать рациональный выбор, принять последствия своих решений)?' WHERE id=430;
UPDATE exp SET res_name='PSA_RU_Soc_1', name='Оценка общительности', instructions='Вам будут предъявлены 120 лица. Пожалуйста, укажите, насколько общительным Вы считаете каждого человека, нажав на ту кнопку над лицом, которая лучше выражает Ваше мнение.', question = 'Насколько этот человек общителен (т.е. дружелюбен и приятен в компании, социален)?' WHERE id=431;
UPDATE exp SET res_name='PSA_RU_Tru_1', name='Оценка надежности', instructions='Вам будут предъявлены 120 лица. Пожалуйста, укажите, насколько надёжным Вы считаете каждого человека, нажав на ту кнопку над лицом, которая лучше выражает Ваше мнение.', question = 'Насколько этот человек надёжен (т.е. заслуживает доверия, на него можно положиться, за него можно поручиться)?' WHERE id=432;
UPDATE exp SET res_name='PSA_RU_Wei_1', name='Оценка странности', instructions='Вам будут предъявлены 120 лица. Пожалуйста, укажите, насколько странным Вы считаете каждого человека, нажав на ту кнопку над лицом, которая лучше выражает Ваше мнение.', question = 'Насколько этот человек странен (т.е. причудлив или вычурен)?' WHERE id=433;
UPDATE exp SET res_name='PSA_RU_Old_1', name='Оценка старости', instructions='Вам будут предъявлены 120 лица. Пожалуйста, укажите, насколько старым Вы считаете каждого человека, нажав на ту кнопку над лицом, которая лучше выражает Ваше мнение.', question = 'Насколько этот человек стар (т.е. более старшего возраста, немолодой)?' WHERE id=434;
UPDATE exp SET res_name='PSA_RU_Agg_2', name='Оценка агрессивности', instructions='Вам будут предъявлены 120 лица. Пожалуйста, укажите, насколько агрессивным Вы считаете каждого человека, нажав на ту кнопку над лицом, которая лучше выражает Ваше мнение.', question = 'Насколько этот человек агрессивен (т.е. склонен вести себя враждебно)?' WHERE id=435;
UPDATE exp SET res_name='PSA_RU_Att_2', name='Оценка привлекательности', instructions='Вам будут предъявлены 120 лица. Пожалуйста, укажите, насколько привлекательным Вы считаете каждого человека, нажав на ту кнопку над лицом, которая лучше выражает Ваше мнение.', question = 'Насколько этот человек привлекателен (т.е. приятен своей красотой, фигурой, характером и т.д.)?' WHERE id=436;
UPDATE exp SET res_name='PSA_RU_Car_2', name='Оценка заботливости', instructions='Вам будут предъявлены 120 лица. Пожалуйста, укажите, насколько заботливым Вы считаете каждого человека, нажав на ту кнопку над лицом, которая лучше выражает Ваше мнение.', question = 'Насколько этот человек заботлив (т.е. способен ощущать или выражать сочувствие)?' WHERE id=437;
UPDATE exp SET res_name='PSA_RU_Con_2', name='Оценка уверенности', instructions='Вам будут предъявлены 120 лица. Пожалуйста, укажите, насколько уверенным Вы считаете каждого человека, нажав на ту кнопку над лицом, которая лучше выражает Ваше мнение.', question = 'Насколько этот человек уверен (т.е. не сомневается в себе, нет неопределённости относительно собственных возможностей)?' WHERE id=438;
UPDATE exp SET res_name='PSA_RU_Dom_2', name='Оценка доминантности', instructions='Вам будут предъявлены 120 лица. Пожалуйста, укажите, насколько доминантным Вы считаете каждого человека, нажав на ту кнопку над лицом, которая лучше выражает Ваше мнение.', question = 'Насколько этот человек доминантен (т.е. воспринимается как сильный, важный)?' WHERE id=439;
UPDATE exp SET res_name='PSA_RU_Emo_2', name='Оценка эмоциональной стабильности', instructions='Вам будут предъявлены 120 лица. Пожалуйста, укажите, насколько эмоционально стабильным Вы считаете каждого человека, нажав на ту кнопку над лицом, которая лучше выражает Ваше мнение.', question = 'Насколько этот человек эмоционально стабилен (т.е. не склонен к эмоциональным расстройствам или перепадам настроения, разумный, здравомыслящий)?' WHERE id=440;
UPDATE exp SET res_name='PSA_RU_Unh_2', name='Оценка несчастности', instructions='Вам будут предъявлены 120 лица. Пожалуйста, укажите, насколько несчастным Вы считаете каждого человека, нажав на ту кнопку над лицом, которая лучше выражает Ваше мнение.', question = 'Насколько этот человек несчастен (т.е. не радостен, грустен, в депрессии)?' WHERE id=441;
UPDATE exp SET res_name='PSA_RU_Int_2', name='Оценка интеллекта', instructions='Вам будут предъявлены 120 лица. Пожалуйста, укажите, насколько интеллектуальным Вы считаете каждого человека, нажав на ту кнопку над лицом, которая лучше выражает Ваше мнение.', question = 'Насколько этот человек интеллектуален (т.е. начитан или обладает высокими умственными способностями)?' WHERE id=442;
UPDATE exp SET res_name='PSA_RU_Mea_2', name='Оценка подлости', instructions='Вам будут предъявлены 120 лица. Пожалуйста, укажите, насколько подлым Вы считаете каждого человека, нажав на ту кнопку над лицом, которая лучше выражает Ваше мнение.', question = 'Насколько этот человек подл (т.е. оскорбителен, эгоистичен или неуживчив; отвратителен; злобен)?' WHERE id=443;
UPDATE exp SET res_name='PSA_RU_Res_2', name='Оценка ответственности', instructions='Вам будут предъявлены 120 лица. Пожалуйста, укажите, насколько ответственным Вы считаете каждого человека, нажав на ту кнопку над лицом, которая лучше выражает Ваше мнение.', question = 'Насколько этот человек ответственен (т.е. способен самостоятельно делать рациональный выбор, принять последствия своих решений)?' WHERE id=444;
UPDATE exp SET res_name='PSA_RU_Soc_2', name='Оценка общительности', instructions='Вам будут предъявлены 120 лица. Пожалуйста, укажите, насколько общительным Вы считаете каждого человека, нажав на ту кнопку над лицом, которая лучше выражает Ваше мнение.', question = 'Насколько этот человек общителен (т.е. дружелюбен и приятен в компании, социален)?' WHERE id=445;
UPDATE exp SET res_name='PSA_RU_Tru_2', name='Оценка надежности', instructions='Вам будут предъявлены 120 лица. Пожалуйста, укажите, насколько надёжным Вы считаете каждого человека, нажав на ту кнопку над лицом, которая лучше выражает Ваше мнение.', question = 'Насколько этот человек надёжен (т.е. заслуживает доверия, на него можно положиться, за него можно поручиться)?' WHERE id=446;
UPDATE exp SET res_name='PSA_RU_Wei_2', name='Оценка странности', instructions='Вам будут предъявлены 120 лица. Пожалуйста, укажите, насколько странным Вы считаете каждого человека, нажав на ту кнопку над лицом, которая лучше выражает Ваше мнение.', question = 'Насколько этот человек странен (т.е. причудлив или вычурен)?' WHERE id=447;
UPDATE exp SET res_name='PSA_RU_Old_2', name='Оценка старости', instructions='Вам будут предъявлены 120 лица. Пожалуйста, укажите, насколько старым Вы считаете каждого человека, нажав на ту кнопку над лицом, которая лучше выражает Ваше мнение.', question = 'Насколько этот человек стар (т.е. более старшего возраста, немолодой)?' WHERE id=448;

REPLACE INTO set_items (set_id, item_type, item_id, item_n) VALUES 
(241, 'exp', 421, 1),
(242, 'exp', 422, 1),
(243, 'exp', 423, 1),
(244, 'exp', 424, 1),
(245, 'exp', 425, 1),
(246, 'exp', 426, 1),
(247, 'exp', 427, 1),
(248, 'exp', 428, 1),
(249, 'exp', 429, 1),
(250, 'exp', 430, 1),
(251, 'exp', 431, 1),
(252, 'exp', 432, 1),
(253, 'exp', 433, 1),
(254, 'exp', 434, 1),
(241, 'exp', 435, 2),
(242, 'exp', 436, 2),
(243, 'exp', 437, 2),
(244, 'exp', 438, 2),
(245, 'exp', 439, 2),
(246, 'exp', 440, 2),
(247, 'exp', 441, 2),
(248, 'exp', 442, 2),
(249, 'exp', 443, 2),
(250, 'exp', 444, 2),
(251, 'exp', 445, 2),
(252, 'exp', 446, 2),
(253, 'exp', 447, 2),
(254, 'exp', 448, 2),
(255, 'set', 241, 1),
(255, 'set', 242, 2),
(255, 'set', 243, 3),
(255, 'set', 244, 4),
(255, 'set', 245, 5),
(255, 'set', 246, 6),
(255, 'set', 247, 7),
(255, 'set', 248, 8),
(255, 'set', 249, 9),
(255, 'set', 250, 10),
(255, 'set', 251, 11),
(255, 'set', 252, 12),
(255, 'set', 253, 13),
(255, 'set', 254, 14),
(256, 'set', 255, 1);

REPLACE INTO access (type, id, user_id) VALUES
('exp', 421, 1),
('exp', 422, 1),
('exp', 423, 1),
('exp', 424, 1),
('exp', 425, 1),
('exp', 426, 1),
('exp', 427, 1),
('exp', 428, 1),
('exp', 429, 1),
('exp', 430, 1),
('exp', 431, 1),
('exp', 432, 1),
('exp', 433, 1),
('exp', 434, 1),
('exp', 435, 1),
('exp', 436, 1),
('exp', 437, 1),
('exp', 438, 1),
('exp', 439, 1),
('exp', 440, 1),
('exp', 441, 1),
('exp', 442, 1),
('exp', 443, 1),
('exp', 444, 1),
('exp', 445, 1),
('exp', 446, 1),
('exp', 447, 1),
('exp', 448, 1),
('sets', 241, 1),
('sets', 242, 1),
('sets', 243, 1),
('sets', 244, 1),
('sets', 245, 1),
('sets', 246, 1),
('sets', 247, 1),
('sets', 248, 1),
('sets', 249, 1),
('sets', 250, 1),
('sets', 251, 1),
('sets', 252, 1),
('sets', 253, 1),
('sets', 254, 1),
('sets', 255, 1),
('sets', 256, 1);

REPLACE INTO sets (res_name, name, id, create_date, type) VALUES 
('PSA1_RU_Agg', 'Оценка агрессивности' ,241, NOW(), 'fixed'),
('PSA1_RU_Att', 'Оценка привлекательности' ,242, NOW(), 'fixed'),
('PSA1_RU_Car', 'Оценка заботливости' ,243, NOW(), 'fixed'),
('PSA1_RU_Con', 'Оценка уверенности' ,244, NOW(), 'fixed'),
('PSA1_RU_Dom', 'Оценка доминантности' ,245, NOW(), 'fixed'),
('PSA1_RU_Emo', 'Оценка эмоциональной стабильности' ,246, NOW(), 'fixed'),
('PSA1_RU_Unh', 'Оценка несчастности' ,247, NOW(), 'fixed'),
('PSA1_RU_Int', 'Оценка интеллекта' ,248, NOW(), 'fixed'),
('PSA1_RU_Mea', 'Оценка подлости' ,249, NOW(), 'fixed'),
('PSA1_RU_Res', 'Оценка ответственности' ,250, NOW(), 'fixed'),
('PSA1_RU_Soc', 'Оценка общительности' ,251, NOW(), 'fixed'),
('PSA1_RU_Tru', 'Оценка надежности' ,252, NOW(), 'fixed'),
('PSA1_RU_Wei', 'Оценка странности' ,253, NOW(), 'fixed'),
('PSA1_RU_Old', 'Оценка старости' ,254, NOW(), 'fixed'),
('PSA_RU_Ratings', 'Ratings' ,255, NOW(), 'one_random'),
('PSA1_RU', 'Начать исследование' ,256, NOW(), 'fixed');

REPLACE INTO project (id, res_name, name, url, blurb, create_date) VALUES
(142, 'PSA1_RU_test', 'Исследование восприятия лиц (RU_test)','psa1_RU_test', 'PSA1 Study: RU_test', NOW() ),
(143, 'PSA1_RU_RUS_003', 'Исследование восприятия лиц (RUS_003)','psa1_RUS_003', 'PSA1 Study: RUS_003', NOW() ),
(144, 'PSA1_RU_RUS_005', 'Исследование восприятия лиц (RUS_005)','psa1_RUS_005', 'PSA1 Study: RUS_005', NOW() ),
(145, 'PSA1_RU_rus_010', 'Исследование восприятия лиц (rus_010)','psa1_rus_010', 'PSA1 Study: rus_010', NOW() );

REPLACE INTO project_items VALUES 
(142, 'set', 256, 1, NULL),
(143, 'set', 256, 1, NULL),
(144, 'set', 256, 1, NULL),
(145, 'set', 256, 1, NULL);

REPLACE INTO access (type, id, user_id) VALUES
('project', 142, 1),
('project', 143, 1),
('project', 144, 1),
('project', 145, 1);

UPDATE project SET intro='В этом исследовании мы попросим вам заполнить короткий опросник, в котором будет собираться информация, например, о вашем возрасте. Затем вашей задачей будет оценить 120 лиц по предоставленной характеристике. После этого некоторые из них мы попросим вас оценить повторно. Пожалуйста, если вы согласны принять участие в исследовании и готовы начать - нажмите кнопку ниже.' WHERE id >=142 AND id <=145;
UPDATE sets SET feedback_general = 'Исследование окончено. Пожалуйста, обратитесь к экспериментатору' WHERE id = 256;
