UPDATE exp SET res_name='PSA1_GER_Agg_1', name='Bewertung Aggressivität', instructions='Ihnen werden nun 120 Gesichter präsentiert. Bitte geben Sie für jede Person an, für wie aggressiv Sie diese halten. Klicken Sie dazu auf die Auswahloption über dem Gesicht,die Ihrer Einschätzung am ehesten entspricht.', question = 'Wie aggressiv ist diese Person (d.h. zu feindseligem Verhalten neigend)?' WHERE id=225;
UPDATE exp SET res_name='PSA1_GER_Att_1', name='Bewertung Attraktivität', instructions='Ihnen werden nun 120 Gesichter präsentiert. Bitte geben Sie für jede Person an, für wie attraktiv Sie diese halten. Klicken Sie dazu auf die Auswahloption über dem Gesicht,die Ihrer Einschätzung am ehesten entspricht.', question = 'Wie attraktiv ist diese Person (d.h., ansprechend im Sinne von Schönheit, Form, Charakter, etc.)?' WHERE id=226;
UPDATE exp SET res_name='PSA1_GER_Car_1', name='Bewertung Fürsorglichkeit', instructions='Ihnen werden nun 120 Gesichter präsentiert. Bitte geben Sie für jede Person an, für wie fürsorglich Sie diese halten. Klicken Sie dazu auf die Auswahloption über dem Gesicht,die Ihrer Einschätzung am ehesten entspricht.', question = 'Wie fürsorglich ist diese Person (d.h., Mitgefühl zeigend)?' WHERE id=227;
UPDATE exp SET res_name='PSA1_GER_Con_1', name='Bewertung Selbstsicherheit', instructions='Ihnen werden nun 120 Gesichter präsentiert. Bitte geben Sie für jede Person an, für wie selbstsicher Sie diese halten. Klicken Sie dazu auf die Auswahloption über dem Gesicht,die Ihrer Einschätzung am ehesten entspricht.', question = 'Wie selbstsicher (d.h., von sich selbst überzeugt, keine Zweifel an den eigenen Fähigkeiten habend) ist diese Person?' WHERE id=228;
UPDATE exp SET res_name='PSA1_GER_Dom_1', name='Bewertung Dominanz', instructions='Ihnen werden nun 120 Gesichter präsentiert. Bitte geben Sie für jede Person an, für wie dominant Sie diese halten. Klicken Sie dazu auf die Auswahloption über dem Gesicht,die Ihrer Einschätzung am ehesten entspricht.', question = 'Wie dominant ist diese Person (d.h., stark, beherrschend)?' WHERE id=229;
UPDATE exp SET res_name='PSA1_GER_Emo_1', name='Bewertung emotionale Stabilität', instructions='Ihnen werden nun 120 Gesichter präsentiert. Bitte geben Sie für jede Person an, für wie emotional stabil Sie diese halten. Klicken Sie dazu auf die Auswahloption über dem Gesicht,die Ihrer Einschätzung am ehesten entspricht.', question = 'Wie emotional stabil (d.h., nicht zu emotionalen Problemen  neigend, psychisch gesund) ist diese Person?' WHERE id=230;
UPDATE exp SET res_name='PSA1_GER_Unh_1', name='Bewertung Unglücklichkeit ', instructions='Ihnen werden nun 120 Gesichter präsentiert. Bitte geben Sie für jede Person an, für wie unglücklich Sie diese halten. Klicken Sie dazu auf die Auswahloption über dem Gesicht,die Ihrer Einschätzung am ehesten entspricht.', question = 'Wie unglücklich ist diese Person (d.h., traurig oder deprimiert)?' WHERE id=231;
UPDATE exp SET res_name='PSA1_GER_Int_1', name='Bewertung Intelligenz', instructions='Ihnen werden nun 120 Gesichter präsentiert. Bitte geben Sie für jede Person an, für wie intelligent Sie diese halten. Klicken Sie dazu auf die Auswahloption über dem Gesicht,die Ihrer Einschätzung am ehesten entspricht.', question = 'Wie intelligent ist diese Person (d.h., eine gute Auffassungsgabe bzw. ausgeprägte geistige Fähigkeiten habend)?' WHERE id=232;
UPDATE exp SET res_name='PSA1_GER_Mea_1', name='Bewertung Gemeinheit', instructions='Ihnen werden nun 120 Gesichter präsentiert. Bitte geben Sie für jede Person an, für wie gemein Sie diese halten. Klicken Sie dazu auf die Auswahloption über dem Gesicht,die Ihrer Einschätzung am ehesten entspricht.', question = 'Wie gemein ist diese Person (d.h., beleidigend, eigennützig, fies, böswillig)?' WHERE id=233;
UPDATE exp SET res_name='PSA1_GER_Res_1', name='Bewertung Verantwortungsbewusstsein', instructions='Ihnen werden nun 120 Gesichter präsentiert. Bitte geben Sie für jede Person an, für wie verantwortungsbewusst Sie diese halten. Klicken Sie dazu auf die Auswahloption über dem Gesicht,die Ihrer Einschätzung am ehesten entspricht.', question = 'Wie verantwortungsbewusst ist diese Person (d.h., in der Lage, selbstständig rationale Entscheidungen zu treffen und Verantwortung für das eigene Handeln zu übernehmen)?' WHERE id=234;
UPDATE exp SET res_name='PSA1_GER_Soc_1', name='Bewertung Umgänglichkeit', instructions='Ihnen werden nun 120 Gesichter präsentiert. Bitte geben Sie für jede Person an, für wie umgänglich Sie diese halten. Klicken Sie dazu auf die Auswahloption über dem Gesicht,die Ihrer Einschätzung am ehesten entspricht.', question = 'Wie umgänglich ist diese Person (d.h., freundlich oder verträglich in Gesellschaft,gesellig)?' WHERE id=235;
UPDATE exp SET res_name='PSA1_GER_Tru_1', name='Bewertung Vertrauenswürdigkeit', instructions='Ihnen werden nun 120 Gesichter präsentiert. Bitte geben Sie für jede Person an, für wie vertrauenswürdig Sie diese halten. Klicken Sie dazu auf die Auswahloption über dem Gesicht,die Ihrer Einschätzung am ehesten entspricht.', question = 'Wie vertrauenswürdig ist diese Person (d.h., zuverlässlich, glaubwürdig)?' WHERE id=236;
UPDATE exp SET res_name='PSA1_GER_Wei_1', name='Bewertung Seltsamkeit', instructions='Ihnen werden nun 120 Gesichter präsentiert. Bitte geben Sie für jede Person an, für wie seltsam Sie diese halten. Klicken Sie dazu auf die Auswahloption über dem Gesicht,die Ihrer Einschätzung am ehesten entspricht.', question = 'Wie seltsam ist diese Person (d.h., komisch, bizarr)?' WHERE id=237;
UPDATE exp SET res_name='PSA1_GER_Old_1', name='Bewertung Alter', instructions='Ihnen werden nun 120 Gesichter präsentiert. Bitte geben Sie für jede Person an, für wie alt Sie diese halten. Klicken Sie dazu auf die Auswahloption über dem Gesicht,die Ihrer Einschätzung am ehesten entspricht.', question = 'Wie alt ist diese Person (d.h., ein fortgeschritteneres  Alter habend, nicht jung)?' WHERE id=238;
UPDATE exp SET res_name='PSA1_GER_Agg_2', name='Bewertung Aggressivität', instructions='Ihnen werden nun 120 Gesichter präsentiert. Bitte geben Sie für jede Person an, für wie aggressiv Sie diese halten. Klicken Sie dazu auf die Auswahloption über dem Gesicht,die Ihrer Einschätzung am ehesten entspricht.', question = 'Wie aggressiv ist diese Person (d.h. zu feindseligem Verhalten neigend)?' WHERE id=239;
UPDATE exp SET res_name='PSA1_GER_Att_2', name='Bewertung Attraktivität', instructions='Ihnen werden nun 120 Gesichter präsentiert. Bitte geben Sie für jede Person an, für wie attraktiv Sie diese halten. Klicken Sie dazu auf die Auswahloption über dem Gesicht,die Ihrer Einschätzung am ehesten entspricht.', question = 'Wie attraktiv ist diese Person (d.h., ansprechend im Sinne von Schönheit, Form, Charakter, etc.)?' WHERE id=240;
UPDATE exp SET res_name='PSA1_GER_Car_2', name='Bewertung Fürsorglichkeit', instructions='Ihnen werden nun 120 Gesichter präsentiert. Bitte geben Sie für jede Person an, für wie fürsorglich Sie diese halten. Klicken Sie dazu auf die Auswahloption über dem Gesicht,die Ihrer Einschätzung am ehesten entspricht.', question = 'Wie fürsorglich ist diese Person (d.h., Mitgefühl zeigend)?' WHERE id=241;
UPDATE exp SET res_name='PSA1_GER_Con_2', name='Bewertung Selbstsicherheit', instructions='Ihnen werden nun 120 Gesichter präsentiert. Bitte geben Sie für jede Person an, für wie selbstsicher Sie diese halten. Klicken Sie dazu auf die Auswahloption über dem Gesicht,die Ihrer Einschätzung am ehesten entspricht.', question = 'Wie selbstsicher (d.h., von sich selbst überzeugt, keine Zweifel an den eigenen Fähigkeiten habend) ist diese Person?' WHERE id=242;
UPDATE exp SET res_name='PSA1_GER_Dom_2', name='Bewertung Dominanz', instructions='Ihnen werden nun 120 Gesichter präsentiert. Bitte geben Sie für jede Person an, für wie dominant Sie diese halten. Klicken Sie dazu auf die Auswahloption über dem Gesicht,die Ihrer Einschätzung am ehesten entspricht.', question = 'Wie dominant ist diese Person (d.h., stark, beherrschend)?' WHERE id=243;
UPDATE exp SET res_name='PSA1_GER_Emo_2', name='Bewertung emotionale Stabilität', instructions='Ihnen werden nun 120 Gesichter präsentiert. Bitte geben Sie für jede Person an, für wie emotional stabil Sie diese halten. Klicken Sie dazu auf die Auswahloption über dem Gesicht,die Ihrer Einschätzung am ehesten entspricht.', question = 'Wie emotional stabil (d.h., nicht zu emotionalen Problemen  neigend, psychisch gesund) ist diese Person?' WHERE id=244;
UPDATE exp SET res_name='PSA1_GER_Unh_2', name='Bewertung Unglücklichkeit ', instructions='Ihnen werden nun 120 Gesichter präsentiert. Bitte geben Sie für jede Person an, für wie unglücklich Sie diese halten. Klicken Sie dazu auf die Auswahloption über dem Gesicht,die Ihrer Einschätzung am ehesten entspricht.', question = 'Wie unglücklich ist diese Person (d.h., traurig oder deprimiert)?' WHERE id=245;
UPDATE exp SET res_name='PSA1_GER_Int_2', name='Bewertung Intelligenz', instructions='Ihnen werden nun 120 Gesichter präsentiert. Bitte geben Sie für jede Person an, für wie intelligent Sie diese halten. Klicken Sie dazu auf die Auswahloption über dem Gesicht,die Ihrer Einschätzung am ehesten entspricht.', question = 'Wie intelligent ist diese Person (d.h., eine gute Auffassungsgabe bzw. ausgeprägte geistige Fähigkeiten habend)?' WHERE id=246;
UPDATE exp SET res_name='PSA1_GER_Mea_2', name='Bewertung Gemeinheit', instructions='Ihnen werden nun 120 Gesichter präsentiert. Bitte geben Sie für jede Person an, für wie gemein Sie diese halten. Klicken Sie dazu auf die Auswahloption über dem Gesicht,die Ihrer Einschätzung am ehesten entspricht.', question = 'Wie gemein ist diese Person (d.h., beleidigend, eigennützig, fies, böswillig)?' WHERE id=247;
UPDATE exp SET res_name='PSA1_GER_Res_2', name='Bewertung Verantwortungsbewusstsein', instructions='Ihnen werden nun 120 Gesichter präsentiert. Bitte geben Sie für jede Person an, für wie verantwortungsbewusst Sie diese halten. Klicken Sie dazu auf die Auswahloption über dem Gesicht,die Ihrer Einschätzung am ehesten entspricht.', question = 'Wie verantwortungsbewusst ist diese Person (d.h., in der Lage, selbstständig rationale Entscheidungen zu treffen und Verantwortung für das eigene Handeln zu übernehmen)?' WHERE id=248;
UPDATE exp SET res_name='PSA1_GER_Soc_2', name='Bewertung Umgänglichkeit', instructions='Ihnen werden nun 120 Gesichter präsentiert. Bitte geben Sie für jede Person an, für wie umgänglich Sie diese halten. Klicken Sie dazu auf die Auswahloption über dem Gesicht,die Ihrer Einschätzung am ehesten entspricht.', question = 'Wie umgänglich ist diese Person (d.h., freundlich oder verträglich in Gesellschaft,gesellig)?' WHERE id=249;
UPDATE exp SET res_name='PSA1_GER_Tru_2', name='Bewertung Vertrauenswürdigkeit', instructions='Ihnen werden nun 120 Gesichter präsentiert. Bitte geben Sie für jede Person an, für wie vertrauenswürdig Sie diese halten. Klicken Sie dazu auf die Auswahloption über dem Gesicht,die Ihrer Einschätzung am ehesten entspricht.', question = 'Wie vertrauenswürdig ist diese Person (d.h., zuverlässlich, glaubwürdig)?' WHERE id=250;
UPDATE exp SET res_name='PSA1_GER_Wei_2', name='Bewertung Seltsamkeit', instructions='Ihnen werden nun 120 Gesichter präsentiert. Bitte geben Sie für jede Person an, für wie seltsam Sie diese halten. Klicken Sie dazu auf die Auswahloption über dem Gesicht,die Ihrer Einschätzung am ehesten entspricht.', question = 'Wie seltsam ist diese Person (d.h., komisch, bizarr)?' WHERE id=251;
UPDATE exp SET res_name='PSA1_GER_Old_2', name='Bewertung Alter', instructions='Ihnen werden nun 120 Gesichter präsentiert. Bitte geben Sie für jede Person an, für wie alt Sie diese halten. Klicken Sie dazu auf die Auswahloption über dem Gesicht,die Ihrer Einschätzung am ehesten entspricht.', question = 'Wie alt ist diese Person (d.h., ein fortgeschritteneres  Alter habend, nicht jung)?' WHERE id=252;

REPLACE INTO set_items (set_id, item_type, item_id, item_n) VALUES 
(129, 'exp', 225, 1),
(130, 'exp', 226, 1),
(131, 'exp', 227, 1),
(132, 'exp', 228, 1),
(133, 'exp', 229, 1),
(134, 'exp', 230, 1),
(135, 'exp', 231, 1),
(136, 'exp', 232, 1),
(137, 'exp', 233, 1),
(138, 'exp', 234, 1),
(139, 'exp', 235, 1),
(140, 'exp', 236, 1),
(141, 'exp', 237, 1),
(142, 'exp', 238, 1),
(129, 'exp', 239, 2),
(130, 'exp', 240, 2),
(131, 'exp', 241, 2),
(132, 'exp', 242, 2),
(133, 'exp', 243, 2),
(134, 'exp', 244, 2),
(135, 'exp', 245, 2),
(136, 'exp', 246, 2),
(137, 'exp', 247, 2),
(138, 'exp', 248, 2),
(139, 'exp', 249, 2),
(140, 'exp', 250, 2),
(141, 'exp', 251, 2),
(142, 'exp', 252, 2),
(143, 'set', 129, 1),
(143, 'set', 130, 2),
(143, 'set', 131, 3),
(143, 'set', 132, 4),
(143, 'set', 133, 5),
(143, 'set', 134, 6),
(143, 'set', 135, 7),
(143, 'set', 136, 8),
(143, 'set', 137, 9),
(143, 'set', 138, 10),
(143, 'set', 139, 11),
(143, 'set', 140, 12),
(143, 'set', 141, 13),
(143, 'set', 142, 14),
(144, 'set', 143, 1);

REPLACE INTO access (type, id, user_id) VALUES
('exp', 225, 1),
('exp', 226, 1),
('exp', 227, 1),
('exp', 228, 1),
('exp', 229, 1),
('exp', 230, 1),
('exp', 231, 1),
('exp', 232, 1),
('exp', 233, 1),
('exp', 234, 1),
('exp', 235, 1),
('exp', 236, 1),
('exp', 237, 1),
('exp', 238, 1),
('exp', 239, 1),
('exp', 240, 1),
('exp', 241, 1),
('exp', 242, 1),
('exp', 243, 1),
('exp', 244, 1),
('exp', 245, 1),
('exp', 246, 1),
('exp', 247, 1),
('exp', 248, 1),
('exp', 249, 1),
('exp', 250, 1),
('exp', 251, 1),
('exp', 252, 1),
('sets', 129, 1),
('sets', 130, 1),
('sets', 131, 1),
('sets', 132, 1),
('sets', 133, 1),
('sets', 134, 1),
('sets', 135, 1),
('sets', 136, 1),
('sets', 137, 1),
('sets', 138, 1),
('sets', 139, 1),
('sets', 140, 1),
('sets', 141, 1),
('sets', 142, 1),
('sets', 143, 1),
('sets', 144, 1);

REPLACE INTO sets (res_name, name, id, create_date, type) VALUES 
('PSA1_GER_Agg', 'Bewertung Aggressivität' ,129, NOW(), 'fixed'),
('PSA1_GER_Att', 'Bewertung Attraktivität' ,130, NOW(), 'fixed'),
('PSA1_GER_Car', 'Bewertung Fürsorglichkeit' ,131, NOW(), 'fixed'),
('PSA1_GER_Con', 'Bewertung Selbstsicherheit' ,132, NOW(), 'fixed'),
('PSA1_GER_Dom', 'Bewertung Dominanz' ,133, NOW(), 'fixed'),
('PSA1_GER_Emo', 'Bewertung emotionale Stabilität' ,134, NOW(), 'fixed'),
('PSA1_GER_Unh', 'Bewertung Unglücklichkeit ' ,135, NOW(), 'fixed'),
('PSA1_GER_Int', 'Bewertung Intelligenz' ,136, NOW(), 'fixed'),
('PSA1_GER_Mea', 'Bewertung Gemeinheit' ,137, NOW(), 'fixed'),
('PSA1_GER_Res', 'Bewertung Verantwortungsbewusstsein' ,138, NOW(), 'fixed'),
('PSA1_GER_Soc', 'Bewertung Umgänglichkeit' ,139, NOW(), 'fixed'),
('PSA1_GER_Tru', 'Bewertung Vertrauneswürdigkeit' ,140, NOW(), 'fixed'),
('PSA1_GER_Wei', 'Bewertung Seltsamkeit' ,141, NOW(), 'fixed'),
('PSA1_GER_Old', 'Bewertung Alter' ,142, NOW(), 'fixed'),
('PSA1_GER_Ratings', 'Ratings' ,143, NOW(), 'one_random'),
('PSA1_GER', 'Studie zur Einschätzung von Gesichtern.' ,144, NOW(), 'fixed');

REPLACE INTO project (id, res_name, name, url, blurb, create_date) VALUES
(111, 'PSA1_GER_test', 'Studie zur Einschätzung von Gesichtern. (GER_test)','psa1_GER_test', 'PSA1 Study: GER_test', NOW() ),
(112, 'PSA1_GER_AUT_001', 'Studie zur Einschätzung von Gesichtern. (AUT_001)','psa1_AUT_001', 'PSA1 Study: AUT_001', NOW() ),
(113, 'PSA1_GER_AUT_005', 'Studie zur Einschätzung von Gesichtern. (AUT_005)','psa1_AUT_005', 'PSA1 Study: AUT_005', NOW() ),
(114, 'PSA1_GER_AUT_002', 'Studie zur Einschätzung von Gesichtern. (AUT_002)','psa1_AUT_002', 'PSA1 Study: AUT_002', NOW() ),
(115, 'PSA1_GER_GER_012', 'Studie zur Einschätzung von Gesichtern. (GER_012)','psa1_GER_012', 'PSA1 Study: GER_012', NOW() ),
(116, 'PSA1_GER_GER_015', 'Studie zur Einschätzung von Gesichtern. (GER_015)','psa1_GER_015', 'PSA1 Study: GER_015', NOW() ),
(117, 'PSA1_GER_GER_015', 'Studie zur Einschätzung von Gesichtern. (GER_015)','psa1_GER_015', 'PSA1 Study: GER_015', NOW() ),
(118, 'PSA1_GER_GER_016', 'Studie zur Einschätzung von Gesichtern. (GER_016)','psa1_GER_016', 'PSA1 Study: GER_016', NOW() );

REPLACE INTO project_items VALUES 
(111, 'set', 144, 1, NULL),
(112, 'set', 144, 1, NULL),
(113, 'set', 144, 1, NULL),
(114, 'set', 144, 1, NULL),
(115, 'set', 144, 1, NULL),
(116, 'set', 144, 1, NULL),
(117, 'set', 144, 1, NULL),
(118, 'set', 144, 1, NULL);

REPLACE INTO access (type, id, user_id) VALUES
('project', 111, 1),
('project', 112, 1),
('project', 113, 1),
('project', 114, 1),
('project', 115, 1),
('project', 116, 1),
('project', 117, 1),
('project', 118, 1);


UPDATE project SET intro='Im Rahmen dieser Studie bitten wir Sie zunächst einen kurzen Fragebogen zu bearbeiten, in dem Informationen wie beispielsweise Ihr Alter erfragt werden. Anschließend sollen Sie 120 Gesichter im Hinblick auf eine bestimmte Eigenschaft einschätzen. Danach sollen Sie dieselben Gesichter noch einmal mit Hinblick auf dieselbe Eigenschaft einschätzen. Bitte klicken Sie  auf den Button unten um der Teilnahme zuzustimmen und die Studie zu starten.' WHERE id >=111 AND id <=118;
UPDATE sets SET feedback_general = 'Die Studie ist nun beendet. Teilen Sie dies bitte dem Versuchsleiter mit.' WHERE id = 144;